{"type": "FeatureCollection", "features": [{"type": "Feature", "geometry": {"type": "Polygon", "coordinates": [[[16.83880690404073, 48.25266356807418], [16.83881784606518, 48.25265676832664], [16.838825210209468, 48.25266202213257], [16.83881426818502, 48.252668821880114], [16.83880690404073, 48.25266356807418]]]}, "properties": {"timestamp": 0.19, "confidence": 0.921, "label": "person"}}, {"type": "Feature", "geometry": {"type": "Polygon", "coordinates": [[[16.83882213142977, 48.25264972803078], [16.83883285356781, 48.25264204160491], [16.83884076165939, 48.25264693235515], [16.83883003952135, 48.25265461878103], [16.83882213142977, 48.25264972803078]]]}, "properties": {"timestamp": 0.47, "confidence": 0.856, "label": "person"}}, {"type": "Feature", "geometry": {"type": "Polygon", "coordinates": [[[16.838815860797137, 48.2526639354362], [16.838828234838424, 48.25265811956626], [16.838834458972148, 48.25266399070894], [16.838822084930865, 48.25266980657888], [16.838815860797137, 48.2526639354362]]]}, "properties": {"timestamp": 0.75, "confidence": 0.893, "label": "person"}}, {"type": "Feature", "geometry": {"type": "Polygon", "coordinates": [[[16.838833163753428, 48.252649131231834], [16.838845153720037, 48.25264207818944], [16.838852299638727, 48.252647463941976], [16.83884030967212, 48.25265451698437], [16.838833163753428, 48.252649131231834]]]}, "properties": {"timestamp": 0.96, "confidence": 0.881, "label": "person"}}, {"type": "Feature", "geometry": {"type": "Polygon", "coordinates": [[[16.838821379528646, 48.252662642719976], [16.838834149714977, 48.252657015435815], [16.83884010626528, 48.252663008377425], [16.83882733607895, 48.252668635661585], [16.838821379528646, 48.252662642719976]]]}, "properties": {"timestamp": 1.22, "confidence": 0.911, "label": "person"}}, {"type": "Feature", "geometry": {"type": "Polygon", "coordinates": [[[16.838842044305657, 48.25265073540157], [16.83885510895914, 48.252644415587525], [16.83886145267449, 48.252650229709346], [16.838848388021002, 48.2526565495234], [16.838842044305657, 48.25265073540157]]]}, "properties": {"timestamp": 1.54, "confidence": 0.863, "label": "person"}}, {"type": "Feature", "geometry": {"type": "Polygon", "coordinates": [[[16.83883687534219, 48.25266428597709], [16.838851173588726, 48.25266002477884], [16.838855582873503, 48.25266658420783], [16.838841284626966, 48.25267084540608], [16.83883687534219, 48.25266428597709]]]}, "properties": {"timestamp": 1.91, "confidence": 0.895, "label": "person"}}, {"type": "Feature", "geometry": {"type": "Polygon", "coordinates": [[[16.838853763816562, 48.252652256032825], [16.83886791007315, 48.25264674028082], [16.83887336400576, 48.25265294173317], [16.83885921774917, 48.252658457485175], [16.838853763816562, 48.252652256032825]]]}, "properties": {"timestamp": 2.21, "confidence": 0.826, "label": "person"}}, {"type": "Feature", "geometry": {"type": "Polygon", "coordinates": [[[16.838850902855146, 48.25266345911717], [16.83886592773757, 48.252659672835016], [16.838869748091447, 48.25266639406174], [16.838854723209028, 48.2526701803439], [16.838850902855146, 48.25266345911717]]]}, "properties": {"timestamp": 2.55, "confidence": 0.787, "label": "person"}}, {"type": "Feature", "geometry": {"type": "Polygon", "coordinates": [[[16.838859652773344, 48.252652453314255], [16.838874205748464, 48.2526472203813], [16.838879334284297, 48.25265354372598], [16.838864781309177, 48.25265877665893], [16.838859652773344, 48.252652453314255]]]}, "properties": {"timestamp": 2.68, "confidence": 0.893, "label": "person"}}, {"type": "Feature", "geometry": {"type": "Polygon", "coordinates": [[[16.838860628560173, 48.25266633290613], [16.83887631128398, 48.25266339640072], [16.83887923309583, 48.25267031454763], [16.838863550372025, 48.25267325105304], [16.838860628560173, 48.25266633290613]]]}, "properties": {"timestamp": 3.02, "confidence": 0.848, "label": "person"}}, {"type": "Feature", "geometry": {"type": "Polygon", "coordinates": [[[16.838874882974487, 48.25265762709012], [16.838890651633424, 48.2526536877818], [16.838894443006442, 48.25266041628009], [16.8388786743475, 48.25266435558841], [16.838874882974487, 48.25265762709012]]]}, "properties": {"timestamp": 3.38, "confidence": 0.87, "label": "person"}}, {"type": "Feature", "geometry": {"type": "Polygon", "coordinates": [[[16.83886588194878, 48.252667290375655], [16.838881829139098, 48.25266465946571], [16.838884424837794, 48.252671635029564], [16.83886847764748, 48.252674265939504], [16.83886588194878, 48.252667290375655]]]}, "properties": {"timestamp": 3.51, "confidence": 0.883, "label": "person"}}, {"type": "Feature", "geometry": {"type": "Polygon", "coordinates": [[[16.838891537070964, 48.25266171397022], [16.83890821113574, 48.25265876446482], [16.838910982339907, 48.25266571003106], [16.83889430827513, 48.252668659536454], [16.838891537070964, 48.25266171397022]]]}, "properties": {"timestamp": 4.08, "confidence": 0.771, "label": "person"}}, {"type": "Feature", "geometry": {"type": "Polygon", "coordinates": [[[16.838888650170443, 48.252656406475204], [16.838904957970108, 48.25265266025156], [16.838908478011454, 48.25265945379374], [16.83889217021179, 48.25266320001739], [16.838888650170443, 48.252656406475204]]]}, "properties": {"timestamp": 4.08, "confidence": 0.859, "label": "person"}}, {"type": "Feature", "geometry": {"type": "Polygon", "coordinates": [[[16.83887279686705, 48.25266562938003], [16.838888929766803, 48.252662878575826], [16.83889160723851, 48.252669840423074], [16.838875474338757, 48.25267259122728], [16.83887279686705, 48.25266562938003]]]}, "properties": {"timestamp": 4.13, "confidence": 0.843, "label": "person"}}, {"type": "Feature", "geometry": {"type": "Polygon", "coordinates": [[[16.83888705800732, 48.2526687184144], [16.838903826445783, 48.25266671549748], [16.838905732180372, 48.25267378907226], [16.83888896374191, 48.25267579198917], [16.83888705800732, 48.2526687184144]]]}, "properties": {"timestamp": 4.75, "confidence": 0.888, "label": "person"}}, {"type": "Feature", "geometry": {"type": "Polygon", "coordinates": [[[16.83890189340458, 48.252656119745], [16.838918729018285, 48.25265262794857], [16.838921938842354, 48.252659489275445], [16.83890510322865, 48.25266298107188], [16.83890189340458, 48.252656119745]]]}, "properties": {"timestamp": 4.76, "confidence": 0.83, "label": "person"}}, {"type": "Feature", "geometry": {"type": "Polygon", "coordinates": [[[16.838905705398577, 48.252659570657144], [16.838922824356644, 48.25265659138129], [16.838925553670915, 48.25266354429761], [16.838908434712852, 48.25266652357347], [16.838905705398577, 48.252659570657144]]]}, "properties": {"timestamp": 4.76, "confidence": 0.941, "label": "person"}}, {"type": "Feature", "geometry": {"type": "Polygon", "coordinates": [[[16.838911046587036, 48.252656246144525], [16.83892824051961, 48.25265294276977], [16.83893123269405, 48.25265984757016], [16.838914038761477, 48.25266315094491], [16.838911046587036, 48.252656246144525]]]}, "properties": {"timestamp": 5.3, "confidence": 0.779, "label": "person"}}, {"type": "Feature", "geometry": {"type": "Polygon", "coordinates": [[[16.83890983664292, 48.25265803690628], [16.838927052122987, 48.25265493386674], [16.838929872333072, 48.25266187068207], [16.838912656853005, 48.252664973721615], [16.83890983664292, 48.25265803690628]]]}, "properties": {"timestamp": 5.3, "confidence": 0.899, "label": "person"}}, {"type": "Feature", "geometry": {"type": "Polygon", "coordinates": [[[16.838901967637916, 48.25266850377575], [16.838919229853445, 48.25266666208562], [16.83892093745012, 48.252673758061334], [16.838903675234594, 48.25267559975146], [16.838901967637916, 48.25266850377575]]]}, "properties": {"timestamp": 5.33, "confidence": 0.919, "label": "person"}}, {"type": "Feature", "geometry": {"type": "Polygon", "coordinates": [[[16.83889295276628, 48.25266999268743], [16.838909953727903, 48.25266825768985], [16.838911588861677, 48.25267536122849], [16.838894587900057, 48.25267709622607], [16.83889295276628, 48.25266999268743]]]}, "properties": {"timestamp": 5.33, "confidence": 0.888, "label": "person"}}, {"type": "Feature", "geometry": {"type": "Polygon", "coordinates": [[[16.83889972527889, 48.252667632537374], [16.83891689098631, 48.25266564298383], [16.83891874188243, 48.252672723011635], [16.838901576175008, 48.25267471256518], [16.83889972527889, 48.252667632537374]]]}, "properties": {"timestamp": 5.85, "confidence": 0.848, "label": "person"}}, {"type": "Feature", "geometry": {"type": "Polygon", "coordinates": [[[16.838910310956095, 48.25266795673399], [16.83892783487217, 48.252666132997476], [16.838929501581358, 48.2526732332819], [16.838911977665287, 48.252675057018415], [16.838910310956095, 48.25266795673399]]]}, "properties": {"timestamp": 5.85, "confidence": 0.843, "label": "person"}}, {"type": "Feature", "geometry": {"type": "Polygon", "coordinates": [[[16.838920196143587, 48.252659384443376], [16.8389378299976, 48.25265660681817], [16.83894031468562, 48.25266360028158], [16.838922680831608, 48.252666377906785], [16.838920196143587, 48.252659384443376]]]}, "properties": {"timestamp": 5.9, "confidence": 0.878, "label": "person"}}, {"type": "Feature", "geometry": {"type": "Polygon", "coordinates": [[[16.838925580351344, 48.252668385005926], [16.83894360613787, 48.25266675765548], [16.838945056248523, 48.25267387898569], [16.838927030461992, 48.25267550633614], [16.838925580351344, 48.252668385005926]]]}, "properties": {"timestamp": 6.33, "confidence": 0.902, "label": "person"}}, {"type": "Feature", "geometry": {"type": "Polygon", "coordinates": [[[16.838916713915342, 48.25267421124126], [16.83893454071877, 48.25267325485662], [16.838935407528794, 48.252680418132016], [16.83891758072536, 48.25268137451667], [16.838916713915342, 48.25267421124126]]]}, "properties": {"timestamp": 6.33, "confidence": 0.927, "label": "person"}}, {"type": "Feature", "geometry": {"type": "Polygon", "coordinates": [[[16.83893631095407, 48.252657885821584], [16.83895446319788, 48.25265514641993], [16.838956848908083, 48.25266215514681], [16.83893869666428, 48.25266489454846], [16.83893631095407, 48.252657885821584]]]}, "properties": {"timestamp": 6.63, "confidence": 0.791, "label": "person"}}, {"type": "Feature", "geometry": {"type": "Polygon", "coordinates": [[[16.838928152413263, 48.252668315184515], [16.838946259219465, 48.25266670028156], [16.838947692110217, 48.25267382315697], [16.83892958530401, 48.252675438059924], [16.838928152413263, 48.252668315184515]]]}, "properties": {"timestamp": 7.01, "confidence": 0.832, "label": "person"}}, {"type": "Feature", "geometry": {"type": "Polygon", "coordinates": [[[16.83894326029944, 48.25265999565261], [16.838961698293904, 48.252657567610036], [16.83896379231401, 48.252664617544426], [16.83894535431955, 48.252667045586996], [16.83894326029944, 48.25265999565261]]]}, "properties": {"timestamp": 7.13, "confidence": 0.811, "label": "person"}}, {"type": "Feature", "geometry": {"type": "Polygon", "coordinates": [[[16.83893425030363, 48.25267074915371], [16.838952584462533, 48.25266946666118], [16.838953712128117, 48.252676613818146], [16.838935377969214, 48.25267789631067], [16.83893425030363, 48.25267074915371]]]}, "properties": {"timestamp": 7.56, "confidence": 0.829, "label": "person"}}, {"type": "Feature", "geometry": {"type": "Polygon", "coordinates": [[[16.83895114600999, 48.25266498957879], [16.838969934219453, 48.25266317448373], [16.838971483964016, 48.25267028650399], [16.838952695754553, 48.25267210159905], [16.83895114600999, 48.25266498957879]]]}, "properties": {"timestamp": 7.69, "confidence": 0.83, "label": "person"}}, {"type": "Feature", "geometry": {"type": "Polygon", "coordinates": [[[16.83894582551247, 48.252678705247185], [16.83896456969155, 48.25267838336118], [16.83896484795825, 48.2526855674617], [16.83894610377917, 48.2526858893477], [16.83894582551247, 48.252678705247185]]]}, "properties": {"timestamp": 8.26, "confidence": 0.851, "label": "person"}}, {"type": "Feature", "geometry": {"type": "Polygon", "coordinates": [[[16.838965368531778, 48.25266299816676], [16.838984580954488, 48.252661078338875], [16.838986182774462, 48.25266818524186], [16.83896697035175, 48.25267010506975], [16.838965368531778, 48.25266299816676]]]}, "properties": {"timestamp": 8.31, "confidence": 0.922, "label": "person"}}, {"type": "Feature", "geometry": {"type": "Polygon", "coordinates": [[[16.838973431030638, 48.252665762919875], [16.838992934744134, 48.252664172806966], [16.838994246488415, 48.252671306022876], [16.83897474277492, 48.252672896135785], [16.838973431030638, 48.252665762919875]]]}, "properties": {"timestamp": 8.88, "confidence": 0.835, "label": "person"}}, {"type": "Feature", "geometry": {"type": "Polygon", "coordinates": [[[16.838966329431877, 48.252679254428614], [16.838985699105695, 48.25267901547909], [16.8389858990363, 48.2526862007354], [16.83896652936248, 48.252686439684915], [16.838966329431877, 48.252679254428614]]]}, "properties": {"timestamp": 8.91, "confidence": 0.79, "label": "person"}}, {"type": "Feature", "geometry": {"type": "Polygon", "coordinates": [[[16.838960640007866, 48.25267758174644], [16.838979833670503, 48.252677159831464], [16.838980189793887, 48.252684342407775], [16.83896099613125, 48.25268476432276], [16.838960640007866, 48.25267758174644]]]}, "properties": {"timestamp": 9.61, "confidence": 0.904, "label": "person"}}, {"type": "Feature", "geometry": {"type": "Polygon", "coordinates": [[[16.83898315002851, 48.25266515912195], [16.83900295179636, 48.25266356303994], [16.83900424886274, 48.25267069744572], [16.83898444709489, 48.252672293527745], [16.83898315002851, 48.25266515912195]]]}, "properties": {"timestamp": 9.63, "confidence": 0.868, "label": "person"}}, {"type": "Feature", "geometry": {"type": "Polygon", "coordinates": [[[16.838990710971323, 48.252667525094374], [16.83901077103845, 48.25266619078397], [16.83901184388643, 48.2526733416813], [16.838991783819303, 48.252674675991706], [16.838990710971323, 48.252667525094374]]]}, "properties": {"timestamp": 10.13, "confidence": 0.851, "label": "person"}}, {"type": "Feature", "geometry": {"type": "Polygon", "coordinates": [[[16.83898903415124, 48.25268099653074], [16.839009095192335, 48.2526809431505], [16.83900913832373, 48.252688129582516], [16.838989077282637, 48.25268818296276], [16.83898903415124, 48.25268099653074]]]}, "properties": {"timestamp": 10.26, "confidence": 0.874, "label": "person"}}, {"type": "Feature", "geometry": {"type": "Polygon", "coordinates": [[[16.83899420875442, 48.252681590948725], [16.839014426805406, 48.25268159457597], [16.839014423897318, 48.25268878106511], [16.838994205846333, 48.25268877743786], [16.83899420875442, 48.252681590948725]]]}, "properties": {"timestamp": 10.72, "confidence": 0.843, "label": "person"}}, {"type": "Feature", "geometry": {"type": "Polygon", "coordinates": [[[16.839007751418134, 48.25267396450696], [16.839028373085355, 48.252673277584705], [16.8390289123612, 48.25268045509789], [16.839008290693975, 48.252681142020144], [16.839007751418134, 48.25267396450696]]]}, "properties": {"timestamp": 10.83, "confidence": 0.915, "label": "person"}}, {"type": "Feature", "geometry": {"type": "Polygon", "coordinates": [[[16.838993339594875, 48.25268615347245], [16.839013518702842, 48.252686589024385], [16.83901316901554, 48.252693771740894], [16.838992989907577, 48.25269333618897], [16.838993339594875, 48.25268615347245]]]}, "properties": {"timestamp": 11.25, "confidence": 0.901, "label": "person"}}, {"type": "Feature", "geometry": {"type": "Polygon", "coordinates": [[[16.839019167644018, 48.25267068940642], [16.83904012535861, 48.25266973786503], [16.83904085961272, 48.25267690770512], [16.83901990189813, 48.25267785924651], [16.839019167644018, 48.25267068940642]]]}, "properties": {"timestamp": 11.47, "confidence": 0.864, "label": "person"}}, {"type": "Feature", "geometry": {"type": "Polygon", "coordinates": [[[16.83901458889381, 48.25268847430143], [16.839035406969327, 48.252689089109964], [16.83903492873307, 48.252696268541094], [16.839014110657555, 48.25269565373256], [16.83901458889381, 48.25268847430143]]]}, "properties": {"timestamp": 11.86, "confidence": 0.813, "label": "person"}}, {"type": "Feature", "geometry": {"type": "Polygon", "coordinates": [[[16.839031915586684, 48.25267579450025], [16.839053279689814, 48.25267530618435], [16.839053649969944, 48.25268248844328], [16.839032285866814, 48.252682976759175], [16.839031915586684, 48.25267579450025]]]}, "properties": {"timestamp": 11.94, "confidence": 0.817, "label": "person"}}, {"type": "Feature", "geometry": {"type": "Polygon", "coordinates": [[[16.839023618125985, 48.25268881703763], [16.83904471084056, 48.25268944655306], [16.83904422755033, 48.25269662583415], [16.839023134835752, 48.252695996318714], [16.839023618125985, 48.25268881703763]]]}, "properties": {"timestamp": 12.57, "confidence": 0.809, "label": "person"}}, {"type": "Feature", "geometry": {"type": "Polygon", "coordinates": [[[16.839043223026632, 48.25267523642701], [16.8390649309772, 48.25267471555145], [16.839065319667135, 48.25268189737912], [16.839043611716562, 48.25268241825467], [16.839043223026632, 48.25267523642701]]]}, "properties": {"timestamp": 12.65, "confidence": 0.881, "label": "person"}}, {"type": "Feature", "geometry": {"type": "Polygon", "coordinates": [[[16.83905256753909, 48.25267493352776], [16.839074559950422, 48.252674399480654], [16.83907495330846, 48.25268158119564], [16.839052960897124, 48.252682115242735], [16.83905256753909, 48.25267493352776]]]}, "properties": {"timestamp": 13.3, "confidence": 0.847, "label": "person"}}, {"type": "Feature", "geometry": {"type": "Polygon", "coordinates": [[[16.839046325754847, 48.25268881378946], [16.839068112955406, 48.25268940825738], [16.83906767104665, 48.252696588720525], [16.839045883846094, 48.252695994252605], [16.839046325754847, 48.25268881378946]]]}, "properties": {"timestamp": 13.31, "confidence": 0.88, "label": "person"}}, {"type": "Feature", "geometry": {"type": "Polygon", "coordinates": [[[16.83904740375118, 48.252692343134946], [16.839069206914967, 48.252693223800385], [16.83906855338762, 48.25270039710338], [16.839046750223833, 48.25269951643794], [16.83904740375118, 48.252692343134946]]]}, "properties": {"timestamp": 13.83, "confidence": 0.833, "label": "person"}}, {"type": "Feature", "geometry": {"type": "Polygon", "coordinates": [[[16.839064053800474, 48.25267700211499], [16.83908639914702, 48.25267664411947], [16.839086658764998, 48.2526838285295], [16.839064313418454, 48.252684186525016], [16.839064053800474, 48.25267700211499]]]}, "properties": {"timestamp": 13.86, "confidence": 0.911, "label": "person"}}, {"type": "Feature", "geometry": {"type": "Polygon", "coordinates": [[[16.83905310034718, 48.25268623534458], [16.839075103317143, 48.252686612847796], [16.839074825304102, 48.25269379695266], [16.83905282233414, 48.25269341944945], [16.83905310034718, 48.25268623534458]]]}, "properties": {"timestamp": 14.28, "confidence": 0.878, "label": "person"}}, {"type": "Feature", "geometry": {"type": "Polygon", "coordinates": [[[16.839074927529, 48.252682579167356], [16.83909760301775, 48.25268265812806], [16.83909754657368, 48.25268984451918], [16.839074871084932, 48.252689765558486], [16.839074927529, 48.252682579167356]]]}, "properties": {"timestamp": 14.48, "confidence": 0.836, "label": "person"}}, {"type": "Feature", "geometry": {"type": "Polygon", "coordinates": [[[16.839074377726664, 48.25268954837262], [16.83909701941576, 48.25269016378242], [16.839096579201623, 48.25269734429172], [16.839073937512527, 48.25269672888192], [16.839074377726664, 48.25268954837262]]]}, "properties": {"timestamp": 14.9, "confidence": 0.803, "label": "person"}}, {"type": "Feature", "geometry": {"type": "Polygon", "coordinates": [[[16.83908656751864, 48.25267930320653], [16.839109599551264, 48.25267913418363], [16.839109718499177, 48.252686320236585], [16.839086686466555, 48.25268648925948], [16.83908656751864, 48.25267930320653]]]}, "properties": {"timestamp": 15.21, "confidence": 0.879, "label": "person"}}, {"type": "Feature", "geometry": {"type": "Polygon", "coordinates": [[[16.83907616200207, 48.252699674260306], [16.83909880347731, 48.25270106124506], [16.8390978146814, 48.25270821751216], [16.839075173206158, 48.25270683052741], [16.83907616200207, 48.252699674260306]]]}, "properties": {"timestamp": 15.55, "confidence": 0.886, "label": "person"}}, {"type": "Feature", "geometry": {"type": "Polygon", "coordinates": [[[16.839087456955063, 48.252673990814884], [16.839110511830764, 48.25267342381021], [16.83911091021097, 48.25268060540246], [16.839087855335265, 48.25268117240713], [16.839087456955063, 48.252673990814884]]]}, "properties": {"timestamp": 15.69, "confidence": 0.864, "label": "person"}}, {"type": "Feature", "geometry": {"type": "Polygon", "coordinates": [[[16.839097484949836, 48.25268673433784], [16.83912084036675, 48.25268711571986], [16.83912057575327, 48.252694300049086], [16.839097220336352, 48.25269391866706], [16.839097484949836, 48.25268673433784]]]}, "properties": {"timestamp": 16.22, "confidence": 0.859, "label": "person"}}, {"type": "Feature", "geometry": {"type": "Polygon", "coordinates": [[[16.839097479271878, 48.252689359766805], [16.83912082724996, 48.252689934269], [16.839120428669492, 48.25269711585632], [16.83909708069141, 48.252696541354126], [16.839097479271878, 48.252689359766805]]]}, "properties": {"timestamp": 16.24, "confidence": 0.825, "label": "person"}}, {"type": "Feature", "geometry": {"type": "Polygon", "coordinates": [[[16.83910202089922, 48.252694157584514], [16.839125489317063, 48.252695076934494], [16.83912485542301, 48.25270225101856], [16.839101387005165, 48.252701331668575], [16.83910202089922, 48.252694157584514]]]}, "properties": {"timestamp": 16.72, "confidence": 0.845, "label": "person"}}, {"type": "Feature", "geometry": {"type": "Polygon", "coordinates": [[[16.83910928788978, 48.252687208392445], [16.839133002134115, 48.25268761590753], [16.839132723676077, 48.25269480000476], [16.83910900943174, 48.25269439248967], [16.83910928788978, 48.252687208392445]]]}, "properties": {"timestamp": 16.84, "confidence": 0.766, "label": "person"}}, {"type": "Feature", "geometry": {"type": "Polygon", "coordinates": [[[16.839107227184833, 48.25269824569837], [16.839130834803406, 48.252699451112875], [16.83913000956209, 48.25270661656458], [16.839106401943518, 48.252705411150075], [16.839107227184833, 48.25269824569837]]]}, "properties": {"timestamp": 17.19, "confidence": 0.848, "label": "person"}}, {"type": "Feature", "geometry": {"type": "Polygon", "coordinates": [[[16.839131750310017, 48.252684739898676], [16.839156153982234, 48.252684961111285], [16.839156007061053, 48.25269214693482], [16.839131603388836, 48.2526919257222], [16.839131750310017, 48.252684739898676]]]}, "properties": {"timestamp": 17.51, "confidence": 0.94, "label": "person"}}, {"type": "Feature", "geometry": {"type": "Polygon", "coordinates": [[[16.839116062374764, 48.25269813328434], [16.839139942079935, 48.25269931248859], [16.839139143829886, 48.25270647929582], [16.839115264124715, 48.25270530009156], [16.839116062374764, 48.25269813328434]]]}, "properties": {"timestamp": 17.64, "confidence": 0.869, "label": "person"}}, {"type": "Feature", "geometry": {"type": "Polygon", "coordinates": [[[16.839128736722543, 48.2526843062584], [16.839153049203414, 48.25268449830427], [16.83915292117243, 48.25269168428803], [16.839128608691563, 48.25269149224216], [16.839128736722543, 48.2526843062584]]]}, "properties": {"timestamp": 17.97, "confidence": 0.854, "label": "person"}}, {"type": "Feature", "geometry": {"type": "Polygon", "coordinates": [[[16.839136614623964, 48.25270021676228], [16.839161114875903, 48.25270150012766], [16.839160268409056, 48.25270866448156], [16.839135768157114, 48.25270738111618], [16.839136614623964, 48.25270021676228]]]}, "properties": {"timestamp": 18.2, "confidence": 0.836, "label": "person"}}, {"type": "Feature", "geometry": {"type": "Polygon", "coordinates": [[[16.839148704374285, 48.25269238146645], [16.83917360735307, 48.25269311328919], [16.83917313146811, 48.252700292789584], [16.83914822848932, 48.252699560966846], [16.839148704374285, 48.25269238146645]]]}, "properties": {"timestamp": 18.66, "confidence": 0.856, "label": "person"}}, {"type": "Feature", "geometry": {"type": "Polygon", "coordinates": [[[16.839131541657192, 48.25269710617207], [16.83915590139093, 48.25269818477474], [16.839155185246266, 48.25270535542686], [16.839130825512527, 48.2527042768242], [16.839131541657192, 48.25269710617207]]]}, "properties": {"timestamp": 18.72, "confidence": 0.884, "label": "person"}}, {"type": "Feature", "geometry": {"type": "Polygon", "coordinates": [[[16.83915493245398, 48.25269055354695], [16.839180030859804, 48.25269115638747], [16.83917964177536, 48.25269833820567], [16.839154543369535, 48.25269773536514], [16.83915493245398, 48.25269055354695]]]}, "properties": {"timestamp": 19.21, "confidence": 0.807, "label": "person"}}, {"type": "Feature", "geometry": {"type": "Polygon", "coordinates": [[[16.839162462576283, 48.252691029889206], [16.83918778955371, 48.25269165780122], [16.83918738796219, 48.25269883931417], [16.839162060984766, 48.25269821140216], [16.839162462576283, 48.252691029889206]]]}, "properties": {"timestamp": 19.39, "confidence": 0.814, "label": "person"}}, {"type": "Feature", "geometry": {"type": "Polygon", "coordinates": [[[16.83915193526428, 48.25270483197681], [16.83917688159091, 48.25270639481443], [16.839175870562514, 48.252713549704154], [16.839150924235884, 48.25271198686653], [16.83915193526428, 48.25270483197681]]]}, "properties": {"timestamp": 19.69, "confidence": 0.873, "label": "person"}}, {"type": "Feature", "geometry": {"type": "Polygon", "coordinates": [[[16.83916627103146, 48.252690923699184], [16.839191714523587, 48.25269154127585], [16.839191321339676, 48.252698722995056], [16.839165877847552, 48.25269810541839], [16.83916627103146, 48.252690923699184]]]}, "properties": {"timestamp": 20.03, "confidence": 0.827, "label": "person"}}, {"type": "Feature", "geometry": {"type": "Polygon", "coordinates": [[[16.83916207548713, 48.25270074848789], [16.839187355014474, 48.25270201954222], [16.839186542314202, 48.252709185629385], [16.83916126278686, 48.252707914575055], [16.83916207548713, 48.25270074848789]]]}, "properties": {"timestamp": 20.22, "confidence": 0.948, "label": "person"}}, {"type": "Feature", "geometry": {"type": "Polygon", "coordinates": [[[16.83918012726694, 48.25269266260083], [16.83920598909833, 48.25269338105416], [16.839205539182196, 48.25270056129684], [16.839179677350806, 48.25269984284351], [16.83918012726694, 48.25269266260083]]]}, "properties": {"timestamp": 20.58, "confidence": 0.903, "label": "person"}}, {"type": "Feature", "geometry": {"type": "Polygon", "coordinates": [[[16.839172803331852, 48.252707684520615], [16.839198376519875, 48.252709387386105], [16.83919730251931, 48.252716538206734], [16.839171729331284, 48.252714835341244], [16.839172803331852, 48.252707684520615]]]}, "properties": {"timestamp": 20.82, "confidence": 0.89, "label": "person"}}, {"type": "Feature", "geometry": {"type": "Polygon", "coordinates": [[[16.83918415785205, 48.25270112793564], [16.839210113121087, 48.252702385973436], [16.839209329528202, 48.252709553497766], [16.839183374259164, 48.25270829545997], [16.83918415785205, 48.25270112793564]]]}, "properties": {"timestamp": 21.24, "confidence": 0.852, "label": "person"}}, {"type": "Feature", "geometry": {"type": "Polygon", "coordinates": [[[16.839160788643802, 48.252702224257234], [16.83918602150144, 48.25270359518179], [16.839185143740853, 48.25271075786598], [16.839159910883215, 48.25270938694142], [16.839160788643802, 48.252702224257234]]]}, "properties": {"timestamp": 21.28, "confidence": 0.89, "label": "person"}}, {"type": "Feature", "geometry": {"type": "Polygon", "coordinates": [[[16.839180433732103, 48.25270431545206], [16.839206259938777, 48.252705784737365], [16.83920534110709, 48.25271294513755], [16.839179514900415, 48.252711475852244], [16.839180433732103, 48.25270431545206]]]}, "properties": {"timestamp": 21.81, "confidence": 0.867, "label": "person"}}, {"type": "Feature", "geometry": {"type": "Polygon", "coordinates": [[[16.839193236512997, 48.25269547690355], [16.839219490532113, 48.25269636204292], [16.83921894473681, 48.25270353933762], [16.83919269071769, 48.252702654198245], [16.839193236512997, 48.25269547690355]]]}, "properties": {"timestamp": 21.91, "confidence": 0.82, "label": "person"}}, {"type": "Feature", "geometry": {"type": "Polygon", "coordinates": [[[16.839214546909766, 48.252695759128905], [16.839241451250658, 48.252696639161805], [16.839240921681004, 48.25270381699539], [16.83921401734011, 48.25270293696249], [16.839214546909766, 48.252695759128905]]]}, "properties": {"timestamp": 22.4, "confidence": 0.858, "label": "person"}}, {"type": "Feature", "geometry": {"type": "Polygon", "coordinates": [[[16.8391886267163, 48.252705877832234], [16.83921469702159, 48.25270743104266], [16.83921373513794, 48.252714588935746], [16.839187664832654, 48.25271303572532], [16.8391886267163, 48.252705877832234]]]}, "properties": {"timestamp": 22.49, "confidence": 0.834, "label": "person"}}, {"type": "Feature", "geometry": {"type": "Polygon", "coordinates": [[[16.839223515540457, 48.252689582036304], [16.83925070806646, 48.25269007451805], [16.83925041460577, 48.252697258350516], [16.83922322207977, 48.25269676586878], [16.839223515540457, 48.252689582036304]]]}, "properties": {"timestamp": 22.95, "confidence": 0.882, "label": "person"}}, {"type": "Feature", "geometry": {"type": "Polygon", "coordinates": [[[16.839215982272, 48.2527189356109], [16.839242821481648, 48.252721239235356], [16.839241441626985, 48.252728366751874], [16.839214602417332, 48.25272606312742], [16.839215982272, 48.2527189356109]]]}, "properties": {"timestamp": 23.19, "confidence": 0.839, "label": "person"}}, {"type": "Feature", "geometry": {"type": "Polygon", "coordinates": [[[16.839223238342196, 48.25269272909212], [16.8392504159162, 48.252693414691784], [16.839250007297363, 48.25270059602899], [16.839222829723358, 48.25269991042932], [16.839223238342196, 48.25269272909212]]]}, "properties": {"timestamp": 23.48, "confidence": 0.831, "label": "person"}}, {"type": "Feature", "geometry": {"type": "Polygon", "coordinates": [[[16.83923030334843, 48.252704519145894], [16.839257659523295, 48.25270591530204], [16.83925683467031, 48.25271308077357], [16.83922947849544, 48.252711684617424], [16.83923030334843, 48.252704519145894]]]}, "properties": {"timestamp": 23.88, "confidence": 0.853, "label": "person"}}, {"type": "Feature", "geometry": {"type": "Polygon", "coordinates": [[[16.8392386479279, 48.252698732704786], [16.839266279989516, 48.25269976830251], [16.839265673447528, 48.25270694343487], [16.83923804138591, 48.25270590783715], [16.8392386479279, 48.252698732704786]]]}, "properties": {"timestamp": 24.16, "confidence": 0.779, "label": "person"}}, {"type": "Feature", "geometry": {"type": "Polygon", "coordinates": [[[16.839243101514217, 48.25271413821516], [16.8392708068471, 48.25271608925517], [16.839269671686488, 48.252723235886094], [16.839241966353605, 48.25272128484608], [16.839243101514217, 48.25271413821516]]]}, "properties": {"timestamp": 24.43, "confidence": 0.847, "label": "person"}}, {"type": "Feature", "geometry": {"type": "Polygon", "coordinates": [[[16.839238329433684, 48.25270060170573], [16.839265945796317, 48.25270175015148], [16.839265273023283, 48.252708922665626], [16.83923765666065, 48.25270777421988], [16.839238329433684, 48.25270060170573]]]}, "properties": {"timestamp": 24.68, "confidence": 0.839, "label": "person"}}, {"type": "Feature", "geometry": {"type": "Polygon", "coordinates": [[[16.839242569768466, 48.25272117334527], [16.839270219020626, 48.25272354384458], [16.839268840682536, 48.2527306714912], [16.839241191430375, 48.25272830099188], [16.839242569768466, 48.25272117334527]]]}, "properties": {"timestamp": 24.97, "confidence": 0.886, "label": "person"}}, {"type": "Feature", "geometry": {"type": "Polygon", "coordinates": [[[16.83926298982149, 48.25271017325079], [16.839291325568826, 48.25271185350355], [16.839290368166523, 48.252719011663], [16.839262032419185, 48.25271733141024], [16.83926298982149, 48.25271017325079]]]}, "properties": {"timestamp": 25.21, "confidence": 0.905, "label": "person"}}, {"type": "Feature", "geometry": {"type": "Polygon", "coordinates": [[[16.83925344548837, 48.25272758796023], [16.83928139130687, 48.25273030804522], [16.839279830158258, 48.252737418959626], [16.83925188433976, 48.25273469887463], [16.83925344548837, 48.25272758796023]]]}, "properties": {"timestamp": 25.7, "confidence": 0.836, "label": "person"}}, {"type": "Feature", "geometry": {"type": "Polygon", "coordinates": [[[16.83926777837314, 48.25270627232151], [16.83929627650905, 48.25270771743611], [16.83929545691278, 48.25271488317507], [16.839266958776868, 48.25271343806046], [16.83926777837314, 48.25270627232151]]]}, "properties": {"timestamp": 25.75, "confidence": 0.818, "label": "person"}}, {"type": "Feature", "geometry": {"type": "Polygon", "coordinates": [[[16.839267400370815, 48.25272033060301], [16.839295822601184, 48.252722593819385], [16.839294540995933, 48.25272972946385], [16.839266118765565, 48.252727466247485], [16.839267400370815, 48.25272033060301]]]}, "properties": {"timestamp": 26.26, "confidence": 0.852, "label": "person"}}, {"type": "Feature", "geometry": {"type": "Polygon", "coordinates": [[[16.83929115348297, 48.25270097176086], [16.839320383951815, 48.25270208278724], [16.839319768842806, 48.252709257596244], [16.839290538373962, 48.25270814656987], [16.83929115348297, 48.25270097176086]]]}, "properties": {"timestamp": 26.28, "confidence": 0.821, "label": "person"}}, {"type": "Feature", "geometry": {"type": "Polygon", "coordinates": [[[16.839282123298656, 48.25272635259338], [16.83931096696971, 48.25272892837532], [16.839309532282304, 48.25273605109038], [16.83928068861125, 48.252733475308446], [16.839282123298656, 48.25272635259338]]]}, "properties": {"timestamp": 26.9, "confidence": 0.797, "label": "person"}}, {"type": "Feature", "geometry": {"type": "Polygon", "coordinates": [[[16.839284882923337, 48.2526958601001], [16.839313934649685, 48.25269668371454], [16.839313475527096, 48.25270386369884], [16.83928442380075, 48.2527030400844], [16.839284882923337, 48.2526958601001]]]}, "properties": {"timestamp": 27.02, "confidence": 0.855, "label": "person"}}, {"type": "Feature", "geometry": {"type": "Polygon", "coordinates": [[[16.839281241524347, 48.25271161417967], [16.83931013168196, 48.25271334800246], [16.839309162806863, 48.252720505477484], [16.83928027264925, 48.25271877165469], [16.839281241524347, 48.25271161417967]]]}, "properties": {"timestamp": 27.49, "confidence": 0.892, "label": "person"}}, {"type": "Feature", "geometry": {"type": "Polygon", "coordinates": [[[16.83931221458995, 48.25270353862154], [16.839342081649328, 48.252704773045515], [16.83934141298713, 48.25271194573009], [16.839311545927753, 48.252710711306115], [16.83931221458995, 48.25270353862154]]]}, "properties": {"timestamp": 27.68, "confidence": 0.832, "label": "person"}}, {"type": "Feature", "geometry": {"type": "Polygon", "coordinates": [[[16.839306997749194, 48.25272332242565], [16.839336626801657, 48.25272567266072], [16.839335350058857, 48.25273280869163], [16.839305721006394, 48.25273045845656], [16.839306997749194, 48.25272332242565]]]}, "properties": {"timestamp": 28.21, "confidence": 0.775, "label": "person"}}, {"type": "Feature", "geometry": {"type": "Polygon", "coordinates": [[[16.839305453513386, 48.25271010458158], [16.83933509233302, 48.252711716046335], [16.83933421394421, 48.25271887869637], [16.839304575124576, 48.25271726723162], [16.839305453513386, 48.25271010458158]]]}, "properties": {"timestamp": 28.22, "confidence": 0.893, "label": "person"}}, {"type": "Feature", "geometry": {"type": "Polygon", "coordinates": [[[16.83932837733067, 48.252708588624486], [16.839358723574172, 48.252710085547356], [16.839357926174767, 48.252717252396565], [16.83932757993127, 48.252715755473695], [16.83932837733067, 48.252708588624486]]]}, "properties": {"timestamp": 28.69, "confidence": 0.857, "label": "person"}}, {"type": "Feature", "geometry": {"type": "Polygon", "coordinates": [[[16.839317026112365, 48.25273136811733], [16.839346922273915, 48.252734143747915], [16.83934543176399, 48.25274126137916], [16.83931553560244, 48.252738485748566], [16.839317026112365, 48.25273136811733]]]}, "properties": {"timestamp": 28.81, "confidence": 0.804, "label": "person"}}, {"type": "Feature", "geometry": {"type": "Polygon", "coordinates": [[[16.839338058317068, 48.252709996303054], [16.839368696441262, 48.252711558734845], [16.839367872229502, 48.25271872423909], [16.839337234105308, 48.2527171618073], [16.839338058317068, 48.252709996303054]]]}, "properties": {"timestamp": 29.42, "confidence": 0.856, "label": "person"}}, {"type": "Feature", "geometry": {"type": "Polygon", "coordinates": [[[16.839338022509896, 48.25272067282707], [16.83936861947692, 48.25272281927416], [16.83936748860187, 48.2527299662063], [16.83933689163484, 48.2527278197592], [16.839338022509896, 48.25272067282707]]]}, "properties": {"timestamp": 29.55, "confidence": 0.863, "label": "person"}}, {"type": "Feature", "geometry": {"type": "Polygon", "coordinates": [[[16.839357503984694, 48.252715551671805], [16.839388719138704, 48.25271739043559], [16.839387768013935, 48.25272454896605], [16.839356552859925, 48.25272271020227], [16.839357503984694, 48.252715551671805]]]}, "properties": {"timestamp": 29.88, "confidence": 0.796, "label": "person"}}, {"type": "Feature", "geometry": {"type": "Polygon", "coordinates": [[[16.839337318651673, 48.25272267763385], [16.839367885220017, 48.25272493474751], [16.839366695561534, 48.252732077447426], [16.83933612899319, 48.25272982033376], [16.839337318651673, 48.25272267763385]]]}, "properties": {"timestamp": 30.28, "confidence": 0.853, "label": "person"}}, {"type": "Feature", "geometry": {"type": "Polygon", "coordinates": [[[16.839346683803008, 48.252720578001096], [16.839377547489878, 48.25272270485795], [16.8393764364059, 48.2527298531662], [16.83934557271903, 48.25272772630934], [16.839346683803008, 48.252720578001096]]]}, "properties": {"timestamp": 30.55, "confidence": 0.857, "label": "person"}}, {"type": "Feature", "geometry": {"type": "Polygon", "coordinates": [[[16.839353858500967, 48.25272895092107], [16.83938490581634, 48.25273151720192], [16.839383576191025, 48.25273864894993], [16.83935252887565, 48.252736082669074], [16.839353858500967, 48.25272895092107]]]}, "properties": {"timestamp": 31.0, "confidence": 0.815, "label": "person"}}, {"type": "Feature", "geometry": {"type": "Polygon", "coordinates": [[[16.83937458373132, 48.25270634277992], [16.83940634977899, 48.252707667794695], [16.83940567497602, 48.2527148402243], [16.839373908928348, 48.25271351520953], [16.83937458373132, 48.25270634277992]]]}, "properties": {"timestamp": 31.11, "confidence": 0.847, "label": "person"}}, {"type": "Feature", "geometry": {"type": "Polygon", "coordinates": [[[16.839375370231156, 48.25272892700969], [16.839407080888385, 48.2527314520217], [16.8394057993114, 48.25273858766842], [16.839374088654168, 48.2527360626564], [16.839375370231156, 48.25272892700969]]]}, "properties": {"timestamp": 31.7, "confidence": 0.806, "label": "person"}}, {"type": "Feature", "geometry": {"type": "Polygon", "coordinates": [[[16.839376313829202, 48.252728916729495], [16.839408053605176, 48.25273143950817], [16.839406774303978, 48.25273857533593], [16.839375034528, 48.25273605255727], [16.839376313829202, 48.252728916729495]]]}, "properties": {"timestamp": 31.82, "confidence": 0.785, "label": "person"}}, {"type": "Feature", "geometry": {"type": "Polygon", "coordinates": [[[16.8393808371372, 48.25274588211486], [16.8394126305943, 48.252749289093465], [16.839410915654533, 48.25275638428402], [16.839379122197432, 48.25275297730541], [16.8393808371372, 48.25274588211486]]]}, "properties": {"timestamp": 32.19, "confidence": 0.844, "label": "person"}}, {"type": "Feature", "geometry": {"type": "Polygon", "coordinates": [[[16.839392376783604, 48.25272083156686], [16.839424642871144, 48.25272290236079], [16.839423607365553, 48.25273005569833], [16.839391341278013, 48.2527279849044], [16.839392376783604, 48.25272083156686]]]}, "properties": {"timestamp": 32.3, "confidence": 0.909, "label": "person"}}, {"type": "Feature", "geometry": {"type": "Polygon", "coordinates": [[[16.839372051180806, 48.25272791477162], [16.839403664078752, 48.252730392012936], [16.839402402579434, 48.25273752924567], [16.83937078968149, 48.252735052004354], [16.839372051180806, 48.25272791477162]]]}, "properties": {"timestamp": 32.83, "confidence": 0.759, "label": "person"}}, {"type": "Feature", "geometry": {"type": "Polygon", "coordinates": [[[16.839415996376264, 48.25271189381343], [16.83944901399191, 48.25271346967812], [16.839448242324245, 48.25272063777604], [16.839415224708603, 48.25271906191134], [16.839415996376264, 48.25271189381343]]]}, "properties": {"timestamp": 33.0, "confidence": 0.776, "label": "person"}}, {"type": "Feature", "geometry": {"type": "Polygon", "coordinates": [[[16.839419536239525, 48.25273380476273], [16.83945258634365, 48.25273650684404], [16.83945127097917, 48.25274363976438], [16.839418220875046, 48.25274093768308], [16.839419536239525, 48.25273380476273]]]}, "properties": {"timestamp": 33.53, "confidence": 0.861, "label": "person"}}, {"type": "Feature", "geometry": {"type": "Polygon", "coordinates": [[[16.83942859918815, 48.252722720399895], [16.839461969968507, 48.25272483964469], [16.839460945217578, 48.252731993668846], [16.83942757443722, 48.25272987442404], [16.83942859918815, 48.252722720399895]]]}, "properties": {"timestamp": 33.64, "confidence": 0.885, "label": "person"}}, {"type": "Feature", "geometry": {"type": "Polygon", "coordinates": [[[16.83942760210891, 48.252741229255996], [16.839460867956888, 48.25274429690556], [16.8394593873101, 48.25275141544943], [16.83942612146212, 48.252748347799866], [16.83942760210891, 48.252741229255996]]]}, "properties": {"timestamp": 34.07, "confidence": 0.828, "label": "person"}}, {"type": "Feature", "geometry": {"type": "Polygon", "coordinates": [[[16.839453977785674, 48.2527185833959], [16.839488139038878, 48.252720461215645], [16.83948725103447, 48.25272762334], [16.83945308978127, 48.25272574552026], [16.839453977785674, 48.2527185833959]]]}, "properties": {"timestamp": 34.15, "confidence": 0.867, "label": "person"}}, {"type": "Feature", "geometry": {"type": "Polygon", "coordinates": [[[16.8394510228048, 48.25273925546302], [16.83948501999191, 48.25274218087607], [16.839483636688215, 48.252749308096185], [16.839449639501105, 48.25274638268313], [16.8394510228048, 48.25273925546302]]]}, "properties": {"timestamp": 34.56, "confidence": 0.809, "label": "person"}}, {"type": "Feature", "geometry": {"type": "Polygon", "coordinates": [[[16.839456870522657, 48.252726609619764], [16.839491095470883, 48.25272888907663], [16.839490021242323, 48.25273603988207], [16.839455796294093, 48.25273376042521], [16.839456870522657, 48.252726609619764]]]}, "properties": {"timestamp": 34.6, "confidence": 0.82, "label": "person"}}, {"type": "Feature", "geometry": {"type": "Polygon", "coordinates": [[[16.839441584523737, 48.25272701512739], [16.83947533895051, 48.25272933594877], [16.839474230343136, 48.252736484427494], [16.839440475916362, 48.252734163606114], [16.839441584523737, 48.25272701512739]]]}, "properties": {"timestamp": 35.15, "confidence": 0.75, "label": "person"}}, {"type": "Feature", "geometry": {"type": "Polygon", "coordinates": [[[16.839463654976814, 48.25272922516232], [16.839498079218867, 48.252731626943216], [16.83949695443851, 48.25273877430175], [16.839462530196457, 48.25273637252085], [16.839463654976814, 48.25272922516232]]]}, "properties": {"timestamp": 35.15, "confidence": 0.817, "label": "person"}}, {"type": "Feature", "geometry": {"type": "Polygon", "coordinates": [[[16.83948718593641, 48.25272858465363], [16.83952233433818, 48.252730923423755], [16.839521261104984, 48.25273807429546], [16.839486112703213, 48.252735735525334], [16.83948718593641, 48.25272858465363]]]}, "properties": {"timestamp": 35.75, "confidence": 0.817, "label": "person"}}, {"type": "Feature", "geometry": {"type": "Polygon", "coordinates": [[[16.83949208023893, 48.252722221344406], [16.83952739772624, 48.252724239333126], [16.83952647493029, 48.25273139950729], [16.839491157442982, 48.25272938151857], [16.83949208023893, 48.252722221344406]]]}, "properties": {"timestamp": 35.86, "confidence": 0.789, "label": "person"}}, {"type": "Feature", "geometry": {"type": "Polygon", "coordinates": [[[16.839483156129965, 48.25273757723611], [16.8395181493513, 48.2527403669953], [16.83951686624723, 48.25274750252034], [16.839481873025893, 48.25274471276116], [16.839483156129965, 48.25273757723611]]]}, "properties": {"timestamp": 36.2, "confidence": 0.897, "label": "person"}}, {"type": "Feature", "geometry": {"type": "Polygon", "coordinates": [[[16.83951965534157, 48.25271882697194], [16.839555825385663, 48.25272065046407], [16.83955501052472, 48.25272781644245], [16.839518840480626, 48.252725992950324], [16.83951965534157, 48.25271882697194]]]}, "properties": {"timestamp": 36.54, "confidence": 0.875, "label": "person"}}, {"type": "Feature", "geometry": {"type": "Polygon", "coordinates": [[[16.839505129466925, 48.252726718054724], [16.839540833691615, 48.25272894298516], [16.839539827980857, 48.25273609820714], [16.839504123756164, 48.2527338732767], [16.839505129466925, 48.252726718054724]]]}, "properties": {"timestamp": 36.71, "confidence": 0.835, "label": "person"}}, {"type": "Feature", "geometry": {"type": "Polygon", "coordinates": [[[16.83953385739234, 48.25273875557997], [16.839570404691592, 48.252741530268906], [16.839569181979922, 48.25274867049376], [16.83953263468067, 48.252745895804814], [16.83953385739234, 48.25273875557997]]]}, "properties": {"timestamp": 37.15, "confidence": 0.885, "label": "person"}}, {"type": "Feature", "geometry": {"type": "Polygon", "coordinates": [[[16.839514931021263, 48.25274496502642], [16.839550873838377, 48.2527480681566], [16.83954948600472, 48.252755194986264], [16.839513543187604, 48.25275209185608], [16.839514931021263, 48.25274496502642]]]}, "properties": {"timestamp": 37.32, "confidence": 0.758, "label": "person"}}, {"type": "Feature", "geometry": {"type": "Polygon", "coordinates": [[[16.839555337969614, 48.25273128590628], [16.83959256735418, 48.25273367503178], [16.8395915319371, 48.252740828375], [16.839554302552532, 48.252738439249505], [16.839555337969614, 48.25273128590628]]]}, "properties": {"timestamp": 37.65, "confidence": 0.822, "label": "person"}}, {"type": "Feature", "geometry": {"type": "Polygon", "coordinates": [[[16.839529570824393, 48.25273370207605], [16.839566003040424, 48.252736238016674], [16.83956488085863, 48.25274338555629], [16.8395284486426, 48.25274084961567], [16.839529570824393, 48.25273370207605]]]}, "properties": {"timestamp": 37.8, "confidence": 0.811, "label": "person"}}, {"type": "Feature", "geometry": {"type": "Polygon", "coordinates": [[[16.839565987983125, 48.252727126186215], [16.839603554728864, 48.25272930530731], [16.839602618017185, 48.25273646468031], [16.839565051271446, 48.252734285559214], [16.839565987983125, 48.252727126186215]]]}, "properties": {"timestamp": 38.33, "confidence": 0.774, "label": "person"}}, {"type": "Feature", "geometry": {"type": "Polygon", "coordinates": [[[16.839553163228853, 48.25273156703688], [16.839590325175998, 48.252733972071105], [16.839589281054685, 48.25274112485338], [16.83955211910754, 48.252738719819156], [16.839553163228853, 48.25273156703688]]]}, "properties": {"timestamp": 38.34, "confidence": 0.759, "label": "person"}}, {"type": "Feature", "geometry": {"type": "Polygon", "coordinates": [[[16.839585204133517, 48.252731569287974], [16.839623347549562, 48.252733939644386], [16.839622344596176, 48.252741095037955], [16.839584201180127, 48.25273872468154], [16.839585204133517, 48.252731569287974]]]}, "properties": {"timestamp": 39.02, "confidence": 0.862, "label": "person"}}, {"type": "Feature", "geometry": {"type": "Polygon", "coordinates": [[[16.839565570170738, 48.252731267899655], [16.839603113074702, 48.25273364487839], [16.839602091399552, 48.25274079909757], [16.839564548495588, 48.25273842211883], [16.839565570170738, 48.252731267899655]]]}, "properties": {"timestamp": 39.06, "confidence": 0.839, "label": "person"}}, {"type": "Feature", "geometry": {"type": "Polygon", "coordinates": [[[16.839605505865933, 48.25272438241744], [16.839644287952247, 48.252726395289606], [16.839643449188678, 48.252733560045165], [16.839604667102364, 48.252731547173], [16.839605505865933, 48.25272438241744]]]}, "properties": {"timestamp": 39.57, "confidence": 0.848, "label": "person"}}, {"type": "Feature", "geometry": {"type": "Polygon", "coordinates": [[[16.839572234759455, 48.25273990606341], [16.839609956504, 48.25274268589227], [16.839608769225716, 48.25274982876777], [16.83957104748117, 48.25274704893891], [16.839572234759455, 48.25273990606341]]]}, "properties": {"timestamp": 39.66, "confidence": 0.771, "label": "person"}}, {"type": "Feature", "geometry": {"type": "Polygon", "coordinates": [[[16.83961278195153, 48.252726978819915], [16.839651780649945, 48.25272910690291], [16.83965089908392, 48.252736269379895], [16.839611900385506, 48.2527341412969], [16.83961278195153, 48.252726978819915]]]}, "properties": {"timestamp": 40.09, "confidence": 0.772, "label": "person"}}, {"type": "Feature", "geometry": {"type": "Polygon", "coordinates": [[[16.839608667575007, 48.25275324086066], [16.839647464683367, 48.25275659899589], [16.839646073354036, 48.252763725523366], [16.839607276245673, 48.25276036738814], [16.839608667575007, 48.25275324086066]]]}, "properties": {"timestamp": 40.26, "confidence": 0.795, "label": "person"}}, {"type": "Feature", "geometry": {"type": "Polygon", "coordinates": [[[16.83962676238814, 48.25272809625324], [16.839666186082386, 48.25273026404495], [16.839665297793363, 48.25273742615366], [16.839625874099116, 48.25273525836196], [16.83962676238814, 48.25272809625324]]]}, "properties": {"timestamp": 40.57, "confidence": 0.83, "label": "person"}}, {"type": "Feature", "geometry": {"type": "Polygon", "coordinates": [[[16.83963466642827, 48.25274198753204], [16.839674296827766, 48.25274479110447], [16.839673156536414, 48.252751937373255], [16.839633526136918, 48.252749133800826], [16.83963466642827, 48.25274198753204]]]}, "properties": {"timestamp": 40.97, "confidence": 0.726, "label": "person"}}, {"type": "Feature", "geometry": {"type": "Polygon", "coordinates": [[[16.83963267920644, 48.25272578823552], [16.83967228891694, 48.252727843852306], [16.839671450238864, 48.25273500861231], [16.839631840528362, 48.25273295299552], [16.83963267920644, 48.25272578823552]]]}, "properties": {"timestamp": 41.26, "confidence": 0.787, "label": "person"}}, {"type": "Feature", "geometry": {"type": "Polygon", "coordinates": [[[16.839636298867457, 48.25274663876437], [16.839675965897083, 48.2527496552088], [16.839674741219948, 48.25275679528431], [16.839635074190323, 48.252753778839875], [16.839636298867457, 48.25274663876437]]]}, "properties": {"timestamp": 41.67, "confidence": 0.829, "label": "person"}}, {"type": "Feature", "geometry": {"type": "Polygon", "coordinates": [[[16.839645437667244, 48.25274134364238], [16.839685399974368, 48.25274410572816], [16.839684285604758, 48.252751253809656], [16.839644323297634, 48.25274849172387], [16.839645437667244, 48.25274134364238]]]}, "properties": {"timestamp": 41.83, "confidence": 0.884, "label": "person"}}, {"type": "Feature", "geometry": {"type": "Polygon", "coordinates": [[[16.839670753278615, 48.25274845264675], [16.839711471975463, 48.25275151218302], [16.839710261700887, 48.252758653347236], [16.83966954300404, 48.25275559381097], [16.839670753278615, 48.25274845264675]]]}, "properties": {"timestamp": 42.25, "confidence": 0.866, "label": "person"}}, {"type": "Feature", "geometry": {"type": "Polygon", "coordinates": [[[16.83969133783401, 48.252735462294225], [16.839732719964154, 48.252737911121805], [16.83973176451647, 48.25274506939704], [16.839690382386326, 48.25274262056946], [16.83969133783401, 48.252735462294225]]]}, "properties": {"timestamp": 42.28, "confidence": 0.842, "label": "person"}}, {"type": "Feature", "geometry": {"type": "Polygon", "coordinates": [[[16.839690417960167, 48.2527505923753], [16.839731733739505, 48.25275372684786], [16.839730511890476, 48.25276086713817], [16.839689196111138, 48.252757732665614], [16.839690417960167, 48.2527505923753]]]}, "properties": {"timestamp": 42.94, "confidence": 0.797, "label": "person"}}, {"type": "Feature", "geometry": {"type": "Polygon", "coordinates": [[[16.83968800142552, 48.25273357245891], [16.83972928571199, 48.252735938500216], [16.839728360151756, 48.25274309851619], [16.839687075865292, 48.25274073247489], [16.83968800142552, 48.25273357245891]]]}, "properties": {"timestamp": 43.0, "confidence": 0.832, "label": "person"}}, {"type": "Feature", "geometry": {"type": "Polygon", "coordinates": [[[16.839712141220105, 48.252721693523526], [16.839754186096563, 48.25272350462598], [16.839753489320888, 48.25273067612408], [16.83971144444443, 48.25272886502163], [16.839712141220105, 48.252721693523526]]]}, "properties": {"timestamp": 43.59, "confidence": 0.796, "label": "person"}}, {"type": "Feature", "geometry": {"type": "Polygon", "coordinates": [[[16.839699049355243, 48.25274369518991], [16.839740647929595, 48.25274650904404], [16.83973955708345, 48.252753658734065], [16.8396979585091, 48.25275084487994], [16.839699049355243, 48.25274369518991]]]}, "properties": {"timestamp": 43.6, "confidence": 0.887, "label": "person"}}, {"type": "Feature", "geometry": {"type": "Polygon", "coordinates": [[[16.839694925840035, 48.25275497041086], [16.839736367415153, 48.25275829738337], [16.83973507545557, 48.25276543219996], [16.839693633880458, 48.252762105227454], [16.839694925840035, 48.25275497041086]]]}, "properties": {"timestamp": 44.12, "confidence": 0.797, "label": "person"}}, {"type": "Feature", "geometry": {"type": "Polygon", "coordinates": [[[16.839729799897373, 48.252729815126926], [16.83977236953851, 48.252731978912], [16.839771548010596, 48.25273914455289], [16.839728978369457, 48.252736980767814], [16.839729799897373, 48.252729815126926]]]}, "properties": {"timestamp": 44.27, "confidence": 0.797, "label": "person"}}, {"type": "Feature", "geometry": {"type": "Polygon", "coordinates": [[[16.839757475245175, 48.25274952345458], [16.83980084881491, 48.252752540680625], [16.839799727325097, 48.25275968826839], [16.839756353755362, 48.25275667104235], [16.839757475245175, 48.25274952345458]]]}, "properties": {"timestamp": 44.72, "confidence": 0.83, "label": "person"}}, {"type": "Feature", "geometry": {"type": "Polygon", "coordinates": [[[16.8397634895026, 48.252730425931965], [16.839807087222997, 48.25273259311476], [16.839806283706444, 48.252739759661054], [16.83976268598605, 48.25273759247826], [16.8397634895026, 48.252730425931965]]]}, "properties": {"timestamp": 44.97, "confidence": 0.75, "label": "person"}}, {"type": "Feature", "geometry": {"type": "Polygon", "coordinates": [[[16.839763178414106, 48.25274790078087], [16.839806730467295, 48.25275084091022], [16.83980564177038, 48.25275799074548], [16.839762089717187, 48.25275505061613], [16.839763178414106, 48.25274790078087]]]}, "properties": {"timestamp": 45.32, "confidence": 0.828, "label": "person"}}, {"type": "Feature", "geometry": {"type": "Polygon", "coordinates": [[[16.83974994454851, 48.25274231577529], [16.839793104312086, 48.252745020525964], [16.83979209295844, 48.25275217539531], [16.83974893319487, 48.25274947064464], [16.83974994454851, 48.25274231577529]]]}, "properties": {"timestamp": 45.47, "confidence": 0.786, "label": "person"}}, {"type": "Feature", "geometry": {"type": "Polygon", "coordinates": [[[16.839767078035937, 48.252749371947345], [16.8398107460247, 48.25275237337547], [16.83980963778658, 48.252759521879575], [16.83976596979782, 48.25275652045145], [16.839767078035937, 48.252749371947345]]]}, "properties": {"timestamp": 45.87, "confidence": 0.764, "label": "person"}}, {"type": "Feature", "geometry": {"type": "Polygon", "coordinates": [[[16.83978396756516, 48.25274338535163], [16.839828165827495, 48.25274610837667], [16.839827171418126, 48.25275326429891], [16.839782973155792, 48.25275054127387], [16.83978396756516, 48.25274338535163]]]}, "properties": {"timestamp": 46.06, "confidence": 0.784, "label": "person"}}, {"type": "Feature", "geometry": {"type": "Polygon", "coordinates": [[[16.839776511783228, 48.25274569739398], [16.839820476943917, 48.252748528402385], [16.839819438026446, 48.2527556815206], [16.839775472865757, 48.252752850512195], [16.839776511783228, 48.25274569739398]]]}, "properties": {"timestamp": 46.32, "confidence": 0.853, "label": "person"}}, {"type": "Feature", "geometry": {"type": "Polygon", "coordinates": [[[16.839794458479826, 48.25275195197316], [16.839838958777417, 48.25275504125023], [16.839837839555578, 48.25276218899562], [16.839793339257987, 48.25275909971854], [16.839794458479826, 48.25275195197316]]]}, "properties": {"timestamp": 46.57, "confidence": 0.815, "label": "person"}}, {"type": "Feature", "geometry": {"type": "Polygon", "coordinates": [[[16.839831183685263, 48.252764185968566], [16.83987677958483, 48.25276777165037], [16.839875513660246, 48.25277490853572], [16.839829917760678, 48.25277132285392], [16.839831183685263, 48.252764185968566]]]}, "properties": {"timestamp": 46.92, "confidence": 0.828, "label": "person"}}, {"type": "Feature", "geometry": {"type": "Polygon", "coordinates": [[[16.839810255202117, 48.25274017262541], [16.839855263738826, 48.252742734346995], [16.83985434450479, 48.25274989472428], [16.839809335968084, 48.252747333002695], [16.839810255202117, 48.25274017262541]]]}, "properties": {"timestamp": 47.07, "confidence": 0.837, "label": "person"}}, {"type": "Feature", "geometry": {"type": "Polygon", "coordinates": [[[16.839777884449894, 48.252751338843716], [16.83982187868224, 48.25275441669996], [16.8398207508658, 48.25276156384637], [16.83977675663345, 48.25275848599013], [16.839777884449894, 48.252751338843716]]]}, "properties": {"timestamp": 47.41, "confidence": 0.813, "label": "person"}}, {"type": "Feature", "geometry": {"type": "Polygon", "coordinates": [[[16.839839587253, 48.25274826649361], [16.839885476572455, 48.252751156729175], [16.839884460189655, 48.252758311282555], [16.839838570870203, 48.252755421047], [16.839839587253, 48.25274826649361]]]}, "properties": {"timestamp": 47.67, "confidence": 0.84, "label": "person"}}, {"type": "Feature", "geometry": {"type": "Polygon", "coordinates": [[[16.839829981094763, 48.252758930338956], [16.83987555291024, 48.252762289973575], [16.839874365174285, 48.25276943281534], [16.83982879335881, 48.252766073180716], [16.839829981094763, 48.252758930338956]]]}, "properties": {"timestamp": 48.09, "confidence": 0.722, "label": "person"}}, {"type": "Feature", "geometry": {"type": "Polygon", "coordinates": [[[16.839885200847093, 48.252762400793735], [16.839932455825597, 48.252765858825164], [16.839931276743098, 48.25277300230252], [16.839884021764593, 48.252769544271096], [16.839885200847093, 48.252762400793735]]]}, "properties": {"timestamp": 48.34, "confidence": 0.86, "label": "person"}}, {"type": "Feature", "geometry": {"type": "Polygon", "coordinates": [[[16.83986533818574, 48.252755906864266], [16.839911999339375, 48.25275910460949], [16.83991089431939, 48.252766253334464], [16.839864233165756, 48.252763055589234], [16.83986533818574, 48.252755906864266]]]}, "properties": {"timestamp": 48.79, "confidence": 0.821, "label": "person"}}, {"type": "Feature", "geometry": {"type": "Polygon", "coordinates": [[[16.839836088253424, 48.25275869069389], [16.839881847687714, 48.252762034249045], [16.839880670357037, 48.2527691778545], [16.839834910922747, 48.252765834299346], [16.839836088253424, 48.25275869069389]]]}, "properties": {"timestamp": 48.82, "confidence": 0.816, "label": "person"}}, {"type": "Feature", "geometry": {"type": "Polygon", "coordinates": [[[16.83986189832942, 48.25274709942455], [16.83990847223699, 48.25274992198456], [16.83990749392144, 48.25275707889024], [16.839860920013873, 48.25275425633023], [16.83986189832942, 48.25274709942455]]]}, "properties": {"timestamp": 49.4, "confidence": 0.85, "label": "person"}}, {"type": "Feature", "geometry": {"type": "Polygon", "coordinates": [[[16.83985382895078, 48.25274951673915], [16.83990015131378, 48.25275244949647], [16.839899129666637, 48.25275960371742], [16.839852807303636, 48.2527566709601], [16.83985382895078, 48.25274951673915]]]}, "properties": {"timestamp": 49.51, "confidence": 0.809, "label": "person"}}, {"type": "Feature", "geometry": {"type": "Polygon", "coordinates": [[[16.839900484714477, 48.25275363032104], [16.83994822579881, 48.252756702339695], [16.839947187594294, 48.252763855503794], [16.839899446509964, 48.252760783485144], [16.839900484714477, 48.25275363032104]]]}, "properties": {"timestamp": 49.88, "confidence": 0.835, "label": "person"}}, {"type": "Feature", "geometry": {"type": "Polygon", "coordinates": [[[16.839894107753825, 48.25275450666644], [16.83994165204969, 48.252757620961624], [16.839940595378422, 48.25276477292677], [16.839893051082555, 48.25276165863159], [16.839894107753825, 48.25275450666644]]]}, "properties": {"timestamp": 50.17, "confidence": 0.802, "label": "person"}}, {"type": "Feature", "geometry": {"type": "Polygon", "coordinates": [[[16.839920965391705, 48.25274202414767], [16.839969353324044, 48.252744589413545], [16.839968496694517, 48.25275175323189], [16.83992010876218, 48.25274918796602], [16.839920965391705, 48.25274202414767]]]}, "properties": {"timestamp": 50.57, "confidence": 0.749, "label": "person"}}, {"type": "Feature", "geometry": {"type": "Polygon", "coordinates": [[[16.83989688524551, 48.25274524953468], [16.8399445320006, 48.2527479676559], [16.839943610666182, 48.25275512791351], [16.839895963911086, 48.25275240979228], [16.83989688524551, 48.25274524953468]]]}, "properties": {"timestamp": 50.9, "confidence": 0.862, "label": "person"}}, {"type": "Feature", "geometry": {"type": "Polygon", "coordinates": [[[16.83992813437957, 48.25274745158046], [16.839976732156714, 48.25275024171426], [16.839975804963828, 48.252757401636586], [16.839927207186683, 48.25275461150278], [16.83992813437957, 48.25274745158046]]]}, "properties": {"timestamp": 51.21, "confidence": 0.76, "label": "person"}}, {"type": "Feature", "geometry": {"type": "Polygon", "coordinates": [[[16.839939102229934, 48.25276683004746], [16.83998799784156, 48.252770428602375], [16.839986812096427, 48.252777571590784], [16.839937916484796, 48.25277397303587], [16.839939102229934, 48.25276683004746]]]}, "properties": {"timestamp": 51.37, "confidence": 0.759, "label": "person"}}, {"type": "Feature", "geometry": {"type": "Polygon", "coordinates": [[[16.839945428229523, 48.25275571831791], [16.839994539666016, 48.25275884461663], [16.83999351249665, 48.25276599848701], [16.83994440106016, 48.252762872188285], [16.839945428229523, 48.25275571831791]]]}, "properties": {"timestamp": 51.88, "confidence": 0.768, "label": "person"}}, {"type": "Feature", "geometry": {"type": "Polygon", "coordinates": [[[16.839911496282905, 48.252751459339535], [16.839959578260682, 48.25275443086496], [16.83995858078023, 48.2527615865977], [16.839910498802453, 48.252758615072274], [16.839911496282905, 48.252751459339535]]]}, "properties": {"timestamp": 51.92, "confidence": 0.789, "label": "person"}}, {"type": "Feature", "geometry": {"type": "Polygon", "coordinates": [[[16.839974279032123, 48.25273846809204], [16.840024300282593, 48.252740852513], [16.840023529577454, 48.25274802065683], [16.839973508326988, 48.252745636235865], [16.839974279032123, 48.25273846809204]]]}, "properties": {"timestamp": 52.51, "confidence": 0.798, "label": "person"}}, {"type": "Feature", "geometry": {"type": "Polygon", "coordinates": [[[16.83996676757554, 48.252761856771855], [16.84001651990282, 48.25276522436466], [16.84001542835279, 48.25277237400706], [16.839965676025507, 48.252769006414255], [16.83996676757554, 48.252761856771855]]]}, "properties": {"timestamp": 52.53, "confidence": 0.81, "label": "person"}}, {"type": "Feature", "geometry": {"type": "Polygon", "coordinates": [[[16.839982697035943, 48.252764399202455], [16.840032931698417, 48.25276786063345], [16.840031820711303, 48.25277500894837], [16.83998158604883, 48.252771547517376], [16.839982697035943, 48.252764399202455]]]}, "properties": {"timestamp": 53.03, "confidence": 0.776, "label": "person"}}, {"type": "Feature", "geometry": {"type": "Polygon", "coordinates": [[[16.840017098794576, 48.25275323559361], [16.84006840505045, 48.252756209290325], [16.84006746909077, 48.25276336870693], [16.840016162834896, 48.252760395010206], [16.840017098794576, 48.25275323559361]]]}, "properties": {"timestamp": 53.22, "confidence": 0.727, "label": "person"}}, {"type": "Feature", "geometry": {"type": "Polygon", "coordinates": [[[16.84000513619543, 48.252760638472644], [16.840056064140477, 48.25276392695724], [16.84005502235811, 48.25277107989072], [16.840004094413068, 48.25276779140612], [16.84000513619543, 48.252760638472644]]]}, "properties": {"timestamp": 53.71, "confidence": 0.833, "label": "person"}}, {"type": "Feature", "geometry": {"type": "Polygon", "coordinates": [[[16.840006331214827, 48.25273736854535], [16.840057332261964, 48.25273969035997], [16.840056596045255, 48.25274686011083], [16.84000559499812, 48.25274453829621], [16.840006331214827, 48.25273736854535]]]}, "properties": {"timestamp": 53.92, "confidence": 0.753, "label": "person"}}, {"type": "Feature", "geometry": {"type": "Polygon", "coordinates": [[[16.84000576085111, 48.252765139873986], [16.84005669957708, 48.25276861453724], [16.840055599640863, 48.2527757636098], [16.840004660914893, 48.252772288946545], [16.84000576085111, 48.252765139873986]]]}, "properties": {"timestamp": 54.21, "confidence": 0.787, "label": "person"}}, {"type": "Feature", "geometry": {"type": "Polygon", "coordinates": [[[16.84003531669118, 48.25276053494048], [16.840087167415245, 48.25276379819811], [16.840086151786227, 48.252770952798954], [16.840034301062158, 48.25276768954132], [16.84003531669118, 48.25276053494048]]]}, "properties": {"timestamp": 54.56, "confidence": 0.809, "label": "person"}}, {"type": "Feature", "geometry": {"type": "Polygon", "coordinates": [[[16.84003023792597, 48.25275862467943], [16.840081936694947, 48.25276181256824], [16.840080941430408, 48.25276896843776], [16.84002924266143, 48.25276578054896], [16.84003023792597, 48.25275862467943]]]}, "properties": {"timestamp": 54.88, "confidence": 0.777, "label": "person"}}, {"type": "Feature", "geometry": {"type": "Polygon", "coordinates": [[[16.84004328610505, 48.25274219883928], [16.84009540849563, 48.252744701632665], [16.84009463216943, 48.25275186950756], [16.840042509778847, 48.25274936671418], [16.84004328610505, 48.25274219883928]]]}, "properties": {"timestamp": 55.25, "confidence": 0.784, "label": "person"}}, {"type": "Feature", "geometry": {"type": "Polygon", "coordinates": [[[16.840040425754314, 48.25276970551193], [16.8400924161701, 48.252773342750125], [16.84009128836428, 48.252780489897276], [16.840039297948493, 48.25277685265909], [16.840040425754314, 48.25276970551193]]]}, "properties": {"timestamp": 55.47, "confidence": 0.803, "label": "person"}}, {"type": "Feature", "geometry": {"type": "Polygon", "coordinates": [[[16.840067561984252, 48.252759304441945], [16.8401204001801, 48.252762496008714], [16.840119425086666, 48.25276965310934], [16.840066586890817, 48.25276646154257], [16.840067561984252, 48.252759304441945]]]}, "properties": {"timestamp": 55.83, "confidence": 0.755, "label": "person"}}, {"type": "Feature", "geometry": {"type": "Polygon", "coordinates": [[[16.840022267117345, 48.25278378161716], [16.84007367297545, 48.25278801336763], [16.8400723486846, 48.252795145555666], [16.8400209428265, 48.2527909138052], [16.840022267117345, 48.25278378161716]]]}, "properties": {"timestamp": 56.07, "confidence": 0.75, "label": "person"}}, {"type": "Feature", "geometry": {"type": "Polygon", "coordinates": [[[16.840063979910475, 48.2527743980337], [16.840116682009352, 48.25277821009729], [16.840115516395706, 48.252785354554575], [16.84006281429683, 48.252781542490986], [16.840063979910475, 48.2527743980337]]]}, "properties": {"timestamp": 56.49, "confidence": 0.744, "label": "person"}}, {"type": "Feature", "geometry": {"type": "Polygon", "coordinates": [[[16.840028059870296, 48.252759925449325], [16.840079689839012, 48.25276316849038], [16.84007867616894, 48.25277032321439], [16.84002704620022, 48.252767080173335], [16.840028059870296, 48.252759925449325]]]}, "properties": {"timestamp": 56.67, "confidence": 0.742, "label": "person"}}, {"type": "Feature", "geometry": {"type": "Polygon", "coordinates": [[[16.84003928132965, 48.25275692029087], [16.840091259302255, 48.2527600319857], [16.840090292807908, 48.252767189603425], [16.840038314835304, 48.252764077908594], [16.84003928132965, 48.25275692029087]]]}, "properties": {"timestamp": 57.05, "confidence": 0.79, "label": "person"}}, {"type": "Feature", "geometry": {"type": "Polygon", "coordinates": [[[16.840071388902487, 48.25279104697455], [16.84012428395855, 48.25279553335187], [16.840122920143482, 48.252802662236945], [16.84007002508742, 48.252798175859624], [16.840071388902487, 48.25279104697455]]]}, "properties": {"timestamp": 57.33, "confidence": 0.753, "label": "person"}}, {"type": "Feature", "geometry": {"type": "Polygon", "coordinates": [[[16.840052722397818, 48.252791394386364], [16.840105044649874, 48.25279591159861], [16.8401036568282, 48.25280303842931], [16.840051334576145, 48.252798521217066], [16.840052722397818, 48.252791394386364]]]}, "properties": {"timestamp": 57.52, "confidence": 0.801, "label": "person"}}, {"type": "Feature", "geometry": {"type": "Polygon", "coordinates": [[[16.840057519809573, 48.252806374665745], [16.840109953908215, 48.252811499768825], [16.84010838633042, 48.25281861005613], [16.84005595223178, 48.25281348495305], [16.840057519809573, 48.252806374665745]]]}, "properties": {"timestamp": 57.89, "confidence": 0.842, "label": "person"}}, {"type": "Feature", "geometry": {"type": "Polygon", "coordinates": [[[16.840027709580923, 48.252812410094094], [16.840079212331357, 48.252817813834426], [16.840077532336224, 48.25282491273052], [16.84002602958579, 48.252819508990186], [16.840027709580923, 48.252812410094094]]]}, "properties": {"timestamp": 58.12, "confidence": 0.813, "label": "person"}}, {"type": "Feature", "geometry": {"type": "Polygon", "coordinates": [[[16.84006434104968, 48.25281414504838], [16.840116964965986, 48.25281957996941], [16.84011531065338, 48.25282668153905], [16.840062686737078, 48.25282124661802], [16.84006434104968, 48.25281414504838]]]}, "properties": {"timestamp": 58.41, "confidence": 0.797, "label": "person"}}, {"type": "Feature", "geometry": {"type": "Polygon", "coordinates": [[[16.84006687124043, 48.25280100877553], [16.840119605269926, 48.252805905681626], [16.840118114475214, 48.25281302328642], [16.84006538044572, 48.252808126380316], [16.84006687124043, 48.25280100877553]]]}, "properties": {"timestamp": 58.73, "confidence": 0.733, "label": "person"}}, {"type": "Feature", "geometry": {"type": "Polygon", "coordinates": [[[16.840075627221054, 48.25281050927742], [16.84012860698984, 48.25281578447869], [16.840127010755808, 48.25282289193887], [16.84007403098702, 48.25281761673759], [16.840075627221054, 48.25281050927742]]]}, "properties": {"timestamp": 59.12, "confidence": 0.776, "label": "person"}}, {"type": "Feature", "geometry": {"type": "Polygon", "coordinates": [[[16.84005294306109, 48.25280065173956], [16.840105250646474, 48.25280554754724], [16.84010374826308, 48.25281266407164], [16.840051440677694, 48.25280776826396], [16.84005294306109, 48.25280065173956]]]}, "properties": {"timestamp": 59.34, "confidence": 0.833, "label": "person"}}, {"type": "Feature", "geometry": {"type": "Polygon", "coordinates": [[[16.840074142954215, 48.25282291529295], [16.840127045013006, 48.25282869629968], [16.840125297061444, 48.25283578791775], [16.84007239500265, 48.252830006911026], [16.840074142954215, 48.25282291529295]]]}, "properties": {"timestamp": 59.65, "confidence": 0.788, "label": "person"}}, {"type": "Feature", "geometry": {"type": "Polygon", "coordinates": [[[16.840071363283595, 48.252821805731195], [16.840124182850968, 48.25282754473965], [16.8401224446282, 48.25283463741782], [16.840069625060824, 48.25282889840937], [16.840071363283595, 48.252821805731195]]]}, "properties": {"timestamp": 59.85, "confidence": 0.782, "label": "person"}}, {"type": "Feature", "geometry": {"type": "Polygon", "coordinates": [[[16.840059724949235, 48.25286253230471], [16.84011206199241, 48.25286993766006], [16.840109818545148, 48.252876967185216], [16.840057481501972, 48.252869561829876], [16.840059724949235, 48.25286253230471]]]}, "properties": {"timestamp": 60.24, "confidence": 0.831, "label": "person"}}, {"type": "Feature", "geometry": {"type": "Polygon", "coordinates": [[[16.840073616674356, 48.25284128523173], [16.84012645034424, 48.25284781196977], [16.84012448152123, 48.252854877880026], [16.84007164785135, 48.252848351141985], [16.840073616674356, 48.25284128523173]]]}, "properties": {"timestamp": 60.6, "confidence": 0.791, "label": "person"}}, {"type": "Feature", "geometry": {"type": "Polygon", "coordinates": [[[16.84006520610916, 48.252851889662495], [16.840117747529824, 48.252858856712265], [16.84011563952558, 48.25286590479874], [16.84006309810492, 48.25285893774897], [16.84006520610916, 48.252851889662495]]]}, "properties": {"timestamp": 60.76, "confidence": 0.773, "label": "person"}}, {"type": "Feature", "geometry": {"type": "Polygon", "coordinates": [[[16.840082703369742, 48.2528535459097], [16.84013577978851, 48.25286055682723], [16.840133679585673, 48.25286760594619], [16.840080603166903, 48.252860595028665], [16.840082703369742, 48.2528535459097]]]}, "properties": {"timestamp": 61.13, "confidence": 0.743, "label": "person"}}, {"type": "Feature", "geometry": {"type": "Polygon", "coordinates": [[[16.84008889697283, 48.25285174073174], [16.84014217017018, 48.25285867077905], [16.840140100679843, 48.25286572392404], [16.84008682748249, 48.25285879387673], [16.84008889697283, 48.25285174073174]]]}, "properties": {"timestamp": 61.32, "confidence": 0.734, "label": "person"}}, {"type": "Feature", "geometry": {"type": "Polygon", "coordinates": [[[16.84009796730259, 48.25285886190968], [16.840151498297985, 48.25286606701441], [16.840149359802794, 48.252873111027334], [16.8400958288074, 48.252865905922604], [16.84009796730259, 48.25285886190968]]]}, "properties": {"timestamp": 61.79, "confidence": 0.804, "label": "person"}}, {"type": "Feature", "geometry": {"type": "Polygon", "coordinates": [[[16.84007994752291, 48.25285690537101], [16.840132928193345, 48.25286405552997], [16.840130784188506, 48.25287109880032], [16.84007780351807, 48.252863948641355], [16.84007994752291, 48.25285690537101]]]}, "properties": {"timestamp": 61.83, "confidence": 0.78, "label": "person"}}, {"type": "Feature", "geometry": {"type": "Polygon", "coordinates": [[[16.840093351467434, 48.25284650350167], [16.840146777955315, 48.25285321666968], [16.84014477651648, 48.25286027851624], [16.840091350028597, 48.252853565348225], [16.840093351467434, 48.25284650350167]]]}, "properties": {"timestamp": 62.31, "confidence": 0.751, "label": "person"}}, {"type": "Feature", "geometry": {"type": "Polygon", "coordinates": [[[16.840093427119847, 48.252871436024705], [16.840146776881635, 48.2528791527917], [16.840144485697987, 48.25288617548729], [16.8400911359362, 48.252878458720296], [16.840093427119847, 48.252871436024705]]]}, "properties": {"timestamp": 62.36, "confidence": 0.788, "label": "person"}}, {"type": "Feature", "geometry": {"type": "Polygon", "coordinates": [[[16.840084850615046, 48.252873939603994], [16.84013792642349, 48.25288176918601], [16.84013559185382, 48.25288878554376], [16.840082516045374, 48.25288095596175], [16.840084850615046, 48.252873939603994]]]}, "properties": {"timestamp": 62.9, "confidence": 0.832, "label": "person"}}, {"type": "Feature", "geometry": {"type": "Polygon", "coordinates": [[[16.840095781233536, 48.25287732054115], [16.840149183917017, 48.252885270188024], [16.840146829065333, 48.25289228354019], [16.840093426381852, 48.25288433389332], [16.840095781233536, 48.25287732054115]]]}, "properties": {"timestamp": 63.0, "confidence": 0.795, "label": "person"}}, {"type": "Feature", "geometry": {"type": "Polygon", "coordinates": [[[16.840103599041342, 48.25285919991486], [16.840157302877966, 48.25286641122705], [16.84015516923145, 48.252873455891816], [16.840101465394827, 48.25286624457963], [16.840103599041342, 48.25285919991486]]]}, "properties": {"timestamp": 63.49, "confidence": 0.748, "label": "person"}}, {"type": "Feature", "geometry": {"type": "Polygon", "coordinates": [[[16.840106019588895, 48.252853047534344], [16.840159817083027, 48.25286000840406], [16.840157758243482, 48.25286706293086], [16.84010396074935, 48.25286010206114], [16.840106019588895, 48.252853047534344]]]}, "properties": {"timestamp": 63.51, "confidence": 0.76, "label": "person"}}, {"type": "Feature", "geometry": {"type": "Polygon", "coordinates": [[[16.84009447329689, 48.25284701993508], [16.840147932831126, 48.252853752538606], [16.84014592699575, 48.25286081383209], [16.840092467461513, 48.25285408122858], [16.84009447329689, 48.25284701993508]]]}, "properties": {"timestamp": 64.08, "confidence": 0.879, "label": "person"}}, {"type": "Feature", "geometry": {"type": "Polygon", "coordinates": [[[16.84008188731271, 48.25287519369773], [16.84013486703386, 48.25288307799596], [16.840132512860556, 48.2528900914491], [16.84007953313941, 48.25288220715087], [16.84008188731271, 48.25287519369773]]]}, "properties": {"timestamp": 64.11, "confidence": 0.88, "label": "person"}}, {"type": "Feature", "geometry": {"type": "Polygon", "coordinates": [[[16.840142517984802, 48.25284263129728], [16.840197470133628, 48.25284913051811], [16.840195582571262, 48.2528562062528], [16.840140630422436, 48.25284970703197], [16.840142517984802, 48.25284263129728]]]}, "properties": {"timestamp": 64.57, "confidence": 0.848, "label": "person"}}, {"type": "Feature", "geometry": {"type": "Polygon", "coordinates": [[[16.840077862376877, 48.252849881193875], [16.840130800812652, 48.25285675038004], [16.84012873633472, 48.25286380417625], [16.840075797898944, 48.252856934990085], [16.840077862376877, 48.252849881193875]]]}, "properties": {"timestamp": 64.66, "confidence": 0.797, "label": "person"}}, {"type": "Feature", "geometry": {"type": "Polygon", "coordinates": [[[16.84007880390251, 48.252854287719146], [16.84013175758789, 48.252861333714876], [16.840129642574173, 48.252868380870275], [16.840076688888793, 48.252861334874545], [16.84007880390251, 48.252854287719146]]]}, "properties": {"timestamp": 65.2, "confidence": 0.772, "label": "person"}}, {"type": "Feature", "geometry": {"type": "Polygon", "coordinates": [[[16.840182042202525, 48.25283920486418], [16.84023821921534, 48.25284552412569], [16.840236421309946, 48.25285261020476], [16.84018024429713, 48.25284629094325], [16.840182042202525, 48.25283920486418]]]}, "properties": {"timestamp": 65.29, "confidence": 0.726, "label": "person"}}, {"type": "Feature", "geometry": {"type": "Polygon", "coordinates": [[[16.84007302491007, 48.252868580313184], [16.84012575295985, 48.252876211045255], [16.840123460659587, 48.25288323357929], [16.840070732609806, 48.252875602847226], [16.84007302491007, 48.252868580313184]]]}, "properties": {"timestamp": 65.9, "confidence": 0.775, "label": "person"}}, {"type": "Feature", "geometry": {"type": "Polygon", "coordinates": [[[16.840210499417374, 48.252855888732455], [16.840267508301487, 48.25286283927651], [16.840265564351384, 48.25286990823934], [16.84020855546727, 48.252862957695285], [16.840210499417374, 48.252855888732455]]]}, "properties": {"timestamp": 65.98, "confidence": 0.695, "label": "person"}}, {"type": "Feature", "geometry": {"type": "Polygon", "coordinates": [[[16.84010959027597, 48.25284243612395], [16.84016352908098, 48.25284896568344], [16.84016159848638, 48.252856036268795], [16.84010765968137, 48.2528495067093], [16.84010959027597, 48.25284243612395]]]}, "properties": {"timestamp": 66.43, "confidence": 0.79, "label": "person"}}, {"type": "Feature", "geometry": {"type": "Polygon", "coordinates": [[[16.84022303311865, 48.252844821451696], [16.840280456090987, 48.252851320912235], [16.84027864735214, 48.25285840576889], [16.840221224379807, 48.25285190630835], [16.84022303311865, 48.252844821451696]]]}, "properties": {"timestamp": 66.67, "confidence": 0.722, "label": "person"}}, {"type": "Feature", "geometry": {"type": "Polygon", "coordinates": [[[16.84009161020575, 48.25283442695333], [16.8401450180296, 48.25284065454762], [16.840143156259725, 48.252847733311306], [16.840089748435876, 48.25284150571702], [16.84009161020575, 48.25283442695333]]]}, "properties": {"timestamp": 66.88, "confidence": 0.78, "label": "person"}}, {"type": "Feature", "geometry": {"type": "Polygon", "coordinates": [[[16.840242872598573, 48.252813921276534], [16.84030097410133, 48.252819180258555], [16.84029952028951, 48.252826301254196], [16.840241418786754, 48.252821042272174], [16.840242872598573, 48.252813921276534]]]}, "properties": {"timestamp": 67.39, "confidence": 0.769, "label": "person"}}, {"type": "Feature", "geometry": {"type": "Polygon", "coordinates": [[[16.84010738998003, 48.252823999074785], [16.840161311279182, 48.25282978782616], [16.8401595932849, 48.25283688268909], [16.840105671985746, 48.252831093937715], [16.84010738998003, 48.252823999074785]]]}, "properties": {"timestamp": 67.47, "confidence": 0.804, "label": "person"}}, {"type": "Feature", "geometry": {"type": "Polygon", "coordinates": [[[16.840275569196226, 48.25282272971558], [16.84033465473317, 48.25282830896974], [16.840333139284972, 48.252835424265896], [16.84027405374803, 48.25282984501174], [16.840275569196226, 48.25282272971558]]]}, "properties": {"timestamp": 67.88, "confidence": 0.781, "label": "person"}}, {"type": "Feature", "geometry": {"type": "Polygon", "coordinates": [[[16.840065755908793, 48.252847428227], [16.840118328376626, 48.25285421382861], [16.840116274426315, 48.25286126898725], [16.840063701958485, 48.25285448338564], [16.840065755908793, 48.252847428227]]]}, "properties": {"timestamp": 68.12, "confidence": 0.788, "label": "person"}}, {"type": "Feature", "geometry": {"type": "Polygon", "coordinates": [[[16.84027455410772, 48.25281192512884], [16.84033363001961, 48.252817079952685], [16.840332227606993, 48.252824205516944], [16.840273151695097, 48.252819050693105], [16.84027455410772, 48.25281192512884]]]}, "properties": {"timestamp": 68.58, "confidence": 0.722, "label": "person"}}, {"type": "Feature", "geometry": {"type": "Polygon", "coordinates": [[[16.840084849945935, 48.25283806944593], [16.840138039218463, 48.25284445230985], [16.840136124872892, 48.25285152485368], [16.840082935600364, 48.25284514198976], [16.840084849945935, 48.25283806944593]]]}, "properties": {"timestamp": 68.82, "confidence": 0.741, "label": "person"}}, {"type": "Feature", "geometry": {"type": "Polygon", "coordinates": [[[16.84029818631712, 48.25283389013706], [16.84035794194056, 48.252839888082875], [16.840356333095208, 48.252846994282265], [16.84029657747177, 48.25284099633645], [16.84029818631712, 48.25283389013706]]]}, "properties": {"timestamp": 69.18, "confidence": 0.764, "label": "person"}}, {"type": "Feature", "geometry": {"type": "Polygon", "coordinates": [[[16.840103194874207, 48.25280856249202], [16.84015702549709, 48.252813731417454], [16.840155484963496, 48.25282084432487], [16.84010165434061, 48.25281567539944], [16.840103194874207, 48.25280856249202]]]}, "properties": {"timestamp": 69.31, "confidence": 0.786, "label": "person"}}, {"type": "Feature", "geometry": {"type": "Polygon", "coordinates": [[[16.84032312914761, 48.252805278448974], [16.840383704034174, 48.252810136563255], [16.84038241335782, 48.25281727148281], [16.840321838471255, 48.25281241336853], [16.84032312914761, 48.252805278448974]]]}, "properties": {"timestamp": 69.85, "confidence": 0.753, "label": "person"}}, {"type": "Feature", "geometry": {"type": "Polygon", "coordinates": [[[16.840091425971096, 48.2528165800218], [16.840144875724892, 48.25282208545682], [16.840143225737158, 48.25282918747253], [16.840089775983362, 48.25282368203751], [16.840091425971096, 48.2528165800218]]]}, "properties": {"timestamp": 70.04, "confidence": 0.754, "label": "person"}}, {"type": "Feature", "geometry": {"type": "Polygon", "coordinates": [[[16.840365681171974, 48.25279982566304], [16.84042756652106, 48.25280444272284], [16.840426364704072, 48.252811584520295], [16.840364479354985, 48.252806967460494], [16.840365681171974, 48.25279982566304]]]}, "properties": {"timestamp": 70.52, "confidence": 0.775, "label": "person"}}, {"type": "Feature", "geometry": {"type": "Polygon", "coordinates": [[[16.84009728054746, 48.252827440073446], [16.840150881993527, 48.252833378801306], [16.84014911043183, 48.25284046782142], [16.840095508985762, 48.25283452909356], [16.84009728054746, 48.252827440073446]]]}, "properties": {"timestamp": 70.52, "confidence": 0.786, "label": "person"}}, {"type": "Feature", "geometry": {"type": "Polygon", "coordinates": [[[16.840074482850916, 48.25283568854917], [16.84012735967679, 48.252841987444626], [16.840125458915626, 48.25284906161266], [16.840072582089753, 48.2528427627172], [16.840074482850916, 48.25283568854917]]]}, "properties": {"timestamp": 71.02, "confidence": 0.74, "label": "person"}}, {"type": "Feature", "geometry": {"type": "Polygon", "coordinates": [[[16.84039097460912, 48.252786520179036], [16.84045365264443, 48.25279060504357], [16.840452601259372, 48.2527977573541], [16.840389923224063, 48.252793672489574], [16.84039097460912, 48.252786520179036]]]}, "properties": {"timestamp": 71.05, "confidence": 0.751, "label": "person"}}, {"type": "Feature", "geometry": {"type": "Polygon", "coordinates": [[[16.84010863130229, 48.25281278255936], [16.84016261871579, 48.25281811690489], [16.840161034447505, 48.25282522555193], [16.840107047034007, 48.2528198912064], [16.84010863130229, 48.25281278255936]]]}, "properties": {"timestamp": 71.52, "confidence": 0.791, "label": "person"}}, {"type": "Feature", "geometry": {"type": "Polygon", "coordinates": [[[16.840363757603416, 48.252775741189716], [16.840425618890237, 48.25277942095164], [16.840424658507036, 48.25278657893405], [16.840362797220216, 48.252782899172125], [16.840363757603416, 48.252775741189716]]]}, "properties": {"timestamp": 71.65, "confidence": 0.787, "label": "person"}}, {"type": "Feature", "geometry": {"type": "Polygon", "coordinates": [[[16.840066945212552, 48.25282459169589], [16.84011962133357, 48.25283044890042], [16.840117843570837, 48.25283753723225], [16.840065167449815, 48.25283168002773], [16.840066945212552, 48.25282459169589]]]}, "properties": {"timestamp": 72.24, "confidence": 0.705, "label": "person"}}, {"type": "Feature", "geometry": {"type": "Polygon", "coordinates": [[[16.84043259184842, 48.252768351876504], [16.84049656320838, 48.25277171247128], [16.84049571431522, 48.2527788766979], [16.84043174295526, 48.25277551610313], [16.84043259184842, 48.252768351876504]]]}, "properties": {"timestamp": 72.31, "confidence": 0.745, "label": "person"}}, {"type": "Feature", "geometry": {"type": "Polygon", "coordinates": [[[16.84008516410415, 48.252808501439745], [16.8401384415537, 48.25281368547606], [16.840136880901373, 48.25282079643876], [16.840083603451824, 48.25281561240244], [16.84008516410415, 48.252808501439745]]]}, "properties": {"timestamp": 72.75, "confidence": 0.777, "label": "person"}}, {"type": "Feature", "geometry": {"type": "Polygon", "coordinates": [[[16.840421797451064, 48.25278492050129], [16.84048541908084, 48.2527889269776], [16.840484402846094, 48.25279608154031], [16.84042078121632, 48.252792075064], [16.840421797451064, 48.25278492050129]]]}, "properties": {"timestamp": 72.8, "confidence": 0.821, "label": "person"}}, {"type": "Feature", "geometry": {"type": "Polygon", "coordinates": [[[16.840425090232422, 48.2527847781156], [16.840488812609355, 48.25278877738411], [16.840487799776394, 48.25279593216068], [16.840424077399458, 48.252791932892166], [16.840425090232422, 48.2527847781156]]]}, "properties": {"timestamp": 73.34, "confidence": 0.784, "label": "person"}}, {"type": "Feature", "geometry": {"type": "Polygon", "coordinates": [[[16.840074470666213, 48.252812339794495], [16.840127410343637, 48.25281769063077], [16.840125790536046, 48.25282479572599], [16.840072850858622, 48.25281944488972], [16.840074470666213, 48.252812339794495]]]}, "properties": {"timestamp": 73.46, "confidence": 0.769, "label": "person"}}, {"type": "Feature", "geometry": {"type": "Polygon", "coordinates": [[[16.840101540421355, 48.252831120409596], [16.840155262972125, 48.25283720307735], [16.840153453642905, 48.25284428786718], [16.840099731092135, 48.25283820519942], [16.840101540421355, 48.252831120409596]]]}, "properties": {"timestamp": 73.98, "confidence": 0.822, "label": "person"}}, {"type": "Feature", "geometry": {"type": "Polygon", "coordinates": [[[16.840434192415138, 48.25277925909821], [16.84049819975907, 48.252783040511176], [16.840497245884016, 48.25279019887939], [16.840433238540083, 48.25278641746643], [16.840434192415138, 48.25277925909821]]]}, "properties": {"timestamp": 73.99, "confidence": 0.699, "label": "person"}}, {"type": "Feature", "geometry": {"type": "Polygon", "coordinates": [[[16.84009850405492, 48.252808981771], [16.84015218974767, 48.252814172214876], [16.84015063884255, 48.25282128412298], [16.8400969531498, 48.252816093679094], [16.84009850405492, 48.252808981771]]]}, "properties": {"timestamp": 74.48, "confidence": 0.782, "label": "person"}}, {"type": "Feature", "geometry": {"type": "Polygon", "coordinates": [[[16.840406575181298, 48.25278315742542], [16.84046973425532, 48.25278710352411], [16.840468725934876, 48.25279425858326], [16.840405566860856, 48.252790312484564], [16.840406575181298, 48.25278315742542]]]}, "properties": {"timestamp": 74.53, "confidence": 0.735, "label": "person"}}, {"type": "Feature", "geometry": {"type": "Polygon", "coordinates": [[[16.840091997208376, 48.2528201733748], [16.840145455338316, 48.25282582379029], [16.84014376321332, 48.25283292140899], [16.84009030508338, 48.2528272709935], [16.840091997208376, 48.2528201733748]]]}, "properties": {"timestamp": 75.09, "confidence": 0.804, "label": "person"}}, {"type": "Feature", "geometry": {"type": "Polygon", "coordinates": [[[16.840428539792136, 48.25279691065445], [16.84049235086417, 48.25280137690655], [16.84049122254777, 48.25280852401798], [16.840427411475734, 48.25280405776588], [16.840428539792136, 48.25279691065445]]]}, "properties": {"timestamp": 75.25, "confidence": 0.86, "label": "person"}}, {"type": "Feature", "geometry": {"type": "Polygon", "coordinates": [[[16.840076779841134, 48.25280996418819], [16.840129796348297, 48.252815216052035], [16.840128208100012, 48.25282232430531], [16.840075191592845, 48.25281707244147], [16.840076779841134, 48.25280996418819]]]}, "properties": {"timestamp": 75.71, "confidence": 0.714, "label": "person"}}, {"type": "Feature", "geometry": {"type": "Polygon", "coordinates": [[[16.84044875532785, 48.25278842053875], [16.840513195655117, 48.252792548197824], [16.840512162142662, 48.252799701663164], [16.840447721815394, 48.25279557400409], [16.84044875532785, 48.25278842053875]]]}, "properties": {"timestamp": 75.98, "confidence": 0.8, "label": "person"}}, {"type": "Feature", "geometry": {"type": "Polygon", "coordinates": [[[16.84005387063065, 48.25283228853376], [16.84010612244569, 48.25283847419784], [16.840104233162126, 48.25284554972887], [16.84005198134709, 48.25283936406478], [16.84005387063065, 48.25283228853376]]]}, "properties": {"timestamp": 76.27, "confidence": 0.83, "label": "person"}}, {"type": "Feature", "geometry": {"type": "Polygon", "coordinates": [[[16.840382241019984, 48.252782335592585], [16.84044465801214, 48.252786262549236], [16.840443642715137, 48.25279341717097], [16.840381225722982, 48.25278949021432], [16.840382241019984, 48.252782335592585]]]}, "properties": {"timestamp": 76.56, "confidence": 0.782, "label": "person"}}, {"type": "Feature", "geometry": {"type": "Polygon", "coordinates": [[[16.840099454130304, 48.25283584342403], [16.840153099453264, 48.25284211913077], [16.84015123178775, 48.25284919720588], [16.840097586464793, 48.25284292149914], [16.840099454130304, 48.25283584342403]]]}, "properties": {"timestamp": 76.91, "confidence": 0.789, "label": "person"}}, {"type": "Feature", "geometry": {"type": "Polygon", "coordinates": [[[16.84043211334975, 48.252802394113026], [16.840496025604665, 48.25280706998144], [16.840494846799036, 48.25281421347906], [16.840430934544123, 48.25280953761064], [16.84043211334975, 48.252802394113026]]]}, "properties": {"timestamp": 77.3, "confidence": 0.786, "label": "person"}}, {"type": "Feature", "geometry": {"type": "Polygon", "coordinates": [[[16.84010411110685, 48.25281776841314], [16.84015794750549, 48.25282330886405], [16.840156298915364, 48.25283041102365], [16.840102462516725, 48.25282487057274], [16.84010411110685, 48.25281776841314]]]}, "properties": {"timestamp": 77.57, "confidence": 0.827, "label": "person"}}, {"type": "Feature", "geometry": {"type": "Polygon", "coordinates": [[[16.84044416504996, 48.252802592835], [16.84050844537025, 48.25280726923934], [16.840507273101807, 48.252814413213876], [16.84044299278151, 48.252809736809546], [16.84044416504996, 48.252802592835]]]}, "properties": {"timestamp": 78.03, "confidence": 0.81, "label": "person"}}, {"type": "Feature", "geometry": {"type": "Polygon", "coordinates": [[[16.840088267272844, 48.25282313826649], [16.84014160301642, 48.252828912791315], [16.840139870803714, 48.25283600612134], [16.840086535060138, 48.25283023159652], [16.840088267272844, 48.25282313826649]]]}, "properties": {"timestamp": 78.16, "confidence": 0.773, "label": "person"}}, {"type": "Feature", "geometry": {"type": "Polygon", "coordinates": [[[16.840451933421953, 48.25277398702267], [16.840516488631685, 48.252777556692656], [16.840515595379188, 48.25278471852767], [16.84045104016946, 48.252781148857686], [16.840451933421953, 48.25277398702267]]]}, "properties": {"timestamp": 78.64, "confidence": 0.765, "label": "person"}}, {"type": "Feature", "geometry": {"type": "Polygon", "coordinates": [[[16.840081232737468, 48.25281368813117], [16.84013437669777, 48.252819086787966], [16.84013274888197, 48.25282619107172], [16.840079604921673, 48.25282079241493], [16.840081232737468, 48.25281368813117]]]}, "properties": {"timestamp": 78.83, "confidence": 0.804, "label": "person"}}, {"type": "Feature", "geometry": {"type": "Polygon", "coordinates": [[[16.840468386676456, 48.25278896686359], [16.840533425835122, 48.25279310547616], [16.84053239905938, 48.25280025937159], [16.840467359900714, 48.25279612075902], [16.840468386676456, 48.25278896686359]]]}, "properties": {"timestamp": 79.23, "confidence": 0.756, "label": "person"}}, {"type": "Feature", "geometry": {"type": "Polygon", "coordinates": [[[16.84008107910944, 48.25280252272789], [16.840134245412568, 48.25280746773235], [16.84013275226103, 48.25281458511812], [16.840079585957902, 48.252809640113654], [16.84008107910944, 48.25280252272789]]]}, "properties": {"timestamp": 79.42, "confidence": 0.769, "label": "person"}}, {"type": "Feature", "geometry": {"type": "Polygon", "coordinates": [[[16.840411879147002, 48.252788231928896], [16.84047519339088, 48.252792371816085], [16.840474138583804, 48.252799523903235], [16.840410824339926, 48.252795384016046], [16.840411879147002, 48.252788231928896]]]}, "properties": {"timestamp": 79.83, "confidence": 0.778, "label": "person"}}, {"type": "Feature", "geometry": {"type": "Polygon", "coordinates": [[[16.840074881063465, 48.25282460936865], [16.840127801240765, 48.252830458343084], [16.840126033875784, 48.2528375478276], [16.840073113698484, 48.25283169885317], [16.840074881063465, 48.25282460936865]]]}, "properties": {"timestamp": 79.93, "confidence": 0.709, "label": "person"}}, {"type": "Feature", "geometry": {"type": "Polygon", "coordinates": [[[16.84044136193271, 48.25278687866907], [16.84050557848638, 48.252790950686816], [16.840504555259137, 48.25279810480765], [16.84044033870547, 48.252794032789915], [16.84044136193271, 48.25278687866907]]]}, "properties": {"timestamp": 80.38, "confidence": 0.753, "label": "person"}}, {"type": "Feature", "geometry": {"type": "Polygon", "coordinates": [[[16.840080202167332, 48.252825551584834], [16.840133283449667, 48.25283143283261], [16.840131511843705, 48.25283852184781], [16.84007843056137, 48.25283264060004], [16.840080202167332, 48.252825551584834]]]}, "properties": {"timestamp": 80.47, "confidence": 0.744, "label": "person"}}, {"type": "Feature", "geometry": {"type": "Polygon", "coordinates": [[[16.84043354653633, 48.25278056793055], [16.84049753253028, 48.252784400223604], [16.840496565602866, 48.2527915578154], [16.84043257960892, 48.252787725522346], [16.84043354653633, 48.25278056793055]]]}, "properties": {"timestamp": 81.05, "confidence": 0.812, "label": "person"}}, {"type": "Feature", "geometry": {"type": "Polygon", "coordinates": [[[16.84008673628184, 48.252833339035696], [16.84013999712308, 48.252839528296555], [16.840138141518803, 48.252846607777954], [16.840084880677562, 48.252840418517096], [16.84008673628184, 48.252833339035696]]]}, "properties": {"timestamp": 81.07, "confidence": 0.837, "label": "person"}}, {"type": "Feature", "geometry": {"type": "Polygon", "coordinates": [[[16.840087566260266, 48.252816350290374], [16.84014089803412, 48.252821850423175], [16.840139246037076, 48.25282895223179], [16.840085914263224, 48.25282345209899], [16.840087566260266, 48.252816350290374]]]}, "properties": {"timestamp": 81.76, "confidence": 0.81, "label": "person"}}, {"type": "Feature", "geometry": {"type": "Polygon", "coordinates": [[[16.84041457031354, 48.2527820001631], [16.84047797505751, 48.25278589732113], [16.840476982961572, 48.25279305338574], [16.840413578217603, 48.252789156227706], [16.84041457031354, 48.2527820001631]]]}, "properties": {"timestamp": 81.77, "confidence": 0.792, "label": "person"}}, {"type": "Feature", "geometry": {"type": "Polygon", "coordinates": [[[16.840072203982295, 48.25281225993779], [16.840125074247126, 48.2528176098689], [16.840123452629076, 48.25282471478103], [16.840070582364245, 48.25281936484993], [16.840072203982295, 48.25281225993779]]]}, "properties": {"timestamp": 82.3, "confidence": 0.782, "label": "person"}}, {"type": "Feature", "geometry": {"type": "Polygon", "coordinates": [[[16.840453404912168, 48.25278697542594], [16.84051798912231, 48.252791045009246], [16.84051697227093, 48.25279819953311], [16.840452388060786, 48.252794129949805], [16.840453404912168, 48.25278697542594]]]}, "properties": {"timestamp": 82.34, "confidence": 0.728, "label": "person"}}, {"type": "Feature", "geometry": {"type": "Polygon", "coordinates": [[[16.840442716745166, 48.252792210407655], [16.840506967546887, 48.252796487381744], [16.840505893882696, 48.25280363822477], [16.84044164308098, 48.25279936125067], [16.840442716745166, 48.252792210407655]]]}, "properties": {"timestamp": 82.87, "confidence": 0.761, "label": "person"}}, {"type": "Feature", "geometry": {"type": "Polygon", "coordinates": [[[16.840085133047243, 48.25283078499598], [16.840138351674494, 48.25283687272876], [16.840136524224082, 48.25284395545626], [16.84008330559683, 48.25283786772348], [16.840085133047243, 48.25283078499598]]]}, "properties": {"timestamp": 82.96, "confidence": 0.747, "label": "person"}}, {"type": "Feature", "geometry": {"type": "Polygon", "coordinates": [[[16.84009002006229, 48.252822125289725], [16.84014341235206, 48.25282785688079], [16.84014169446534, 48.25283495175527], [16.84008830217557, 48.25282922016421], [16.84009002006229, 48.252822125289725]]]}, "properties": {"timestamp": 83.43, "confidence": 0.813, "label": "person"}}, {"type": "Feature", "geometry": {"type": "Polygon", "coordinates": [[[16.84041448278697, 48.252814335233495], [16.840477837178007, 48.2528194833597], [16.84047652970671, 48.25282661692341], [16.840413175315675, 48.25282146879721], [16.84041448278697, 48.252814335233495]]]}, "properties": {"timestamp": 83.57, "confidence": 0.755, "label": "person"}}, {"type": "Feature", "geometry": {"type": "Polygon", "coordinates": [[[16.8401252502163, 48.25281261183826], [16.840179748070263, 48.252817923132554], [16.84017818496603, 48.25282503385648], [16.840123687112072, 48.25281972256219], [16.8401252502163, 48.25281261183826]]]}, "properties": {"timestamp": 84.06, "confidence": 0.721, "label": "person"}}, {"type": "Feature", "geometry": {"type": "Polygon", "coordinates": [[[16.840442349842014, 48.25279109791925], [16.84050659094856, 48.25279533218415], [16.84050552774241, 48.252802483719904], [16.840441286635862, 48.252798249455005], [16.840442349842014, 48.25279109791925]]]}, "properties": {"timestamp": 84.17, "confidence": 0.791, "label": "person"}}, {"type": "Feature", "geometry": {"type": "Polygon", "coordinates": [[[16.84007490749435, 48.25281069444345], [16.840127864703984, 48.25281597790915], [16.840126265357956, 48.252823085059156], [16.840073308148323, 48.252817801593444], [16.84007490749435, 48.25281069444345]]]}, "properties": {"timestamp": 84.79, "confidence": 0.737, "label": "person"}}, {"type": "Feature", "geometry": {"type": "Polygon", "coordinates": [[[16.84045576239735, 48.25277164846878], [16.8405204371369, 48.252775126290956], [16.840519568314647, 48.25278228945828], [16.8404548935751, 48.252778811636105], [16.84045576239735, 48.25277164846878]]]}, "properties": {"timestamp": 84.91, "confidence": 0.695, "label": "person"}}, {"type": "Feature", "geometry": {"type": "Polygon", "coordinates": [[[16.840073448407686, 48.25281703606052], [16.840126344668658, 48.25282257892929], [16.840124666765032, 48.252829678044684], [16.84007177050406, 48.25282413517591], [16.840073448407686, 48.25281703606052]]]}, "properties": {"timestamp": 85.41, "confidence": 0.755, "label": "person"}}, {"type": "Feature", "geometry": {"type": "Polygon", "coordinates": [[[16.84039882095593, 48.252764765181524], [16.840461765816865, 48.252768001348976], [16.840460934914766, 48.252775166510645], [16.840397990053827, 48.25277193034319], [16.84039882095593, 48.252764765181524]]]}, "properties": {"timestamp": 85.64, "confidence": 0.736, "label": "person"}}, {"type": "Feature", "geometry": {"type": "Polygon", "coordinates": [[[16.84006409289269, 48.252824344788074], [16.840116681947546, 48.25283019519069], [16.840114903333237, 48.252837283427816], [16.840062314278384, 48.2528314330252], [16.84006409289269, 48.252824344788074]]]}, "properties": {"timestamp": 86.06, "confidence": 0.8, "label": "person"}}, {"type": "Feature", "geometry": {"type": "Polygon", "coordinates": [[[16.840427013190183, 48.25277176805075], [16.840490810392584, 48.25277526321991], [16.840489925335294, 48.252782425506], [16.840426128132894, 48.25277893033684], [16.840427013190183, 48.25277176805075]]]}, "properties": {"timestamp": 86.11, "confidence": 0.756, "label": "person"}}, {"type": "Feature", "geometry": {"type": "Polygon", "coordinates": [[[16.840096290768955, 48.25282494489336], [16.840149868413224, 48.25283078381359], [16.840148125088298, 48.252837875936564], [16.840094547444025, 48.25283203701633], [16.840096290768955, 48.25282494489336]]]}, "properties": {"timestamp": 86.53, "confidence": 0.692, "label": "person"}}, {"type": "Feature", "geometry": {"type": "Polygon", "coordinates": [[[16.840396997201633, 48.252812076363256], [16.840459820431143, 48.25281714875473], [16.840458521181088, 48.252824282984356], [16.840395697951575, 48.25281921059288], [16.840396997201633, 48.252812076363256]]]}, "properties": {"timestamp": 86.64, "confidence": 0.783, "label": "person"}}, {"type": "Feature", "geometry": {"type": "Polygon", "coordinates": [[[16.840410176041296, 48.252786878554154], [16.840473440108436, 48.25279096694201], [16.84047239748134, 48.252798119820916], [16.840409133414198, 48.25279403143307], [16.840410176041296, 48.252786878554154]]]}, "properties": {"timestamp": 87.13, "confidence": 0.736, "label": "person"}}, {"type": "Feature", "geometry": {"type": "Polygon", "coordinates": [[[16.840068958949065, 48.25283439232377], [16.84012166938713, 48.252840645279115], [16.840119776288905, 48.25284772035808], [16.84006706585084, 48.25284146740274], [16.840068958949065, 48.25283439232377]]]}, "properties": {"timestamp": 87.17, "confidence": 0.791, "label": "person"}}, {"type": "Feature", "geometry": {"type": "Polygon", "coordinates": [[[16.840071156743637, 48.25281642903964], [16.84012398416165, 48.25282194967278], [16.840122310701638, 48.25282904925318], [16.84006948328362, 48.25282352862004], [16.840071156743637, 48.25281642903964]]]}, "properties": {"timestamp": 87.7, "confidence": 0.819, "label": "person"}}, {"type": "Feature", "geometry": {"type": "Polygon", "coordinates": [[[16.840457982281297, 48.25278614985814], [16.8405227073346, 48.2527901853306], [16.84052170110687, 48.25279734052036], [16.840456976053567, 48.252793305047895], [16.840457982281297, 48.25278614985814]]]}, "properties": {"timestamp": 87.88, "confidence": 0.813, "label": "person"}}, {"type": "Feature", "geometry": {"type": "Polygon", "coordinates": [[[16.84006928741757, 48.252826329662085], [16.840122030804867, 48.2528322548365], [16.84012023521067, 48.25283934117538], [16.840067491823373, 48.25283341600097], [16.84006928741757, 48.252826329662085]]]}, "properties": {"timestamp": 88.24, "confidence": 0.792, "label": "person"}}, {"type": "Feature", "geometry": {"type": "Polygon", "coordinates": [[[16.840410272827878, 48.252780313491286], [16.840473548521942, 48.25278414748503], [16.840472570398568, 48.25279130440236], [16.840409294704504, 48.25278747040861], [16.840410272827878, 48.252780313491286]]]}, "properties": {"timestamp": 88.42, "confidence": 0.767, "label": "person"}}, {"type": "Feature", "geometry": {"type": "Polygon", "coordinates": [[[16.84008796749167, 48.25282607368224], [16.84014128619213, 48.25283196743522], [16.840139518613505, 48.25283905689612], [16.840086199913046, 48.25283316314315], [16.84008796749167, 48.25282607368224]]]}, "properties": {"timestamp": 88.87, "confidence": 0.785, "label": "person"}}, {"type": "Feature", "geometry": {"type": "Polygon", "coordinates": [[[16.84043626295074, 48.252798686956254], [16.840500307468933, 48.25280321735052], [16.84049916725363, 48.25281036362468], [16.84043512273544, 48.25280583323042], [16.84043626295074, 48.252798686956254]]]}, "properties": {"timestamp": 88.93, "confidence": 0.729, "label": "person"}}, {"type": "Feature", "geometry": {"type": "Polygon", "coordinates": [[[16.84048415720424, 48.25276478383322], [16.840549705704223, 48.2527679857741], [16.840548916017358, 48.252775153001906], [16.840483367517376, 48.25277195106102], [16.84048415720424, 48.25276478383322]]]}, "properties": {"timestamp": 89.44, "confidence": 0.734, "label": "person"}}, {"type": "Feature", "geometry": {"type": "Polygon", "coordinates": [[[16.840060135580902, 48.25280856988168], [16.840112644519063, 48.25281378191121], [16.840111053150494, 48.25282088985508], [16.840058544212333, 48.25281567782555], [16.840060135580902, 48.25280856988168]]]}, "properties": {"timestamp": 89.56, "confidence": 0.773, "label": "person"}}, {"type": "Feature", "geometry": {"type": "Polygon", "coordinates": [[[16.84042991158387, 48.2527957448085], [16.84049376624091, 48.25280016525554], [16.84049265012595, 48.25280731321631], [16.840428795468902, 48.25280289276926], [16.84042991158387, 48.2527957448085]]]}, "properties": {"timestamp": 89.95, "confidence": 0.775, "label": "person"}}, {"type": "Feature", "geometry": {"type": "Polygon", "coordinates": [[[16.840093918496773, 48.252800225296426], [16.8401474838076, 48.252805064977835], [16.84014603256116, 48.25281218620547], [16.840092467250333, 48.25280734652406], [16.840093918496773, 48.252800225296426]]]}, "properties": {"timestamp": 90.12, "confidence": 0.728, "label": "person"}}, {"type": "Feature", "geometry": {"type": "Polygon", "coordinates": [[[16.840427666206942, 48.252795641151415], [16.840491452403057, 48.2528000588646], [16.840490335786615, 48.252807206790635], [16.8404265495905, 48.25280278907745], [16.840427666206942, 48.252795641151415]]]}, "properties": {"timestamp": 90.43, "confidence": 0.679, "label": "person"}}, {"type": "Feature", "geometry": {"type": "Polygon", "coordinates": [[[16.84007427604792, 48.25282185107217], [16.840127185054598, 48.252827588706275], [16.840125450098995, 48.252834681739095], [16.840072541092315, 48.25282894410499], [16.84007427604792, 48.25282185107217]]]}, "properties": {"timestamp": 90.87, "confidence": 0.826, "label": "person"}}, {"type": "Feature", "geometry": {"type": "Polygon", "coordinates": [[[16.8404120404937, 48.25277362058483], [16.840475378489607, 48.2527771943602], [16.840474467152326, 48.252784355185], [16.84041112915642, 48.25278078140963], [16.8404120404937, 48.25277362058483]]]}, "properties": {"timestamp": 91.1, "confidence": 0.777, "label": "person"}}, {"type": "Feature", "geometry": {"type": "Polygon", "coordinates": [[[16.840104284875874, 48.252822839086015], [16.840158113739893, 48.25282858428912], [16.84015640549085, 48.25283568019522], [16.84010257662683, 48.25282993499211], [16.840104284875874, 48.252822839086015]]]}, "properties": {"timestamp": 91.38, "confidence": 0.785, "label": "person"}}, {"type": "Feature", "geometry": {"type": "Polygon", "coordinates": [[[16.840414363522193, 48.252793192458775], [16.840477746742998, 48.25279752300527], [16.840476645041498, 48.252804671957314], [16.840413261820693, 48.252800341410826], [16.840414363522193, 48.252793192458775]]]}, "properties": {"timestamp": 91.71, "confidence": 0.785, "label": "person"}}, {"type": "Feature", "geometry": {"type": "Polygon", "coordinates": [[[16.840087968144946, 48.25281593742197], [16.840141313308834, 48.25282142039359], [16.84013966674982, 48.25282852276209], [16.840086321585932, 48.25282303979047], [16.840087968144946, 48.25281593742197]]]}, "properties": {"timestamp": 91.83, "confidence": 0.796, "label": "person"}}, {"type": "Feature", "geometry": {"type": "Polygon", "coordinates": [[[16.84043245227303, 48.25279667071941], [16.8404963832426, 48.252801125478214], [16.84049525988595, 48.252808272936015], [16.840431328916385, 48.252803818177206], [16.84043245227303, 48.25279667071941]]]}, "properties": {"timestamp": 92.45, "confidence": 0.789, "label": "person"}}, {"type": "Feature", "geometry": {"type": "Polygon", "coordinates": [[[16.84008910862853, 48.25282233734549], [16.840142472345885, 48.25282807851098], [16.84014075076451, 48.252835172988405], [16.840087387047152, 48.25282943182292], [16.84008910862853, 48.25282233734549]]]}, "properties": {"timestamp": 92.54, "confidence": 0.785, "label": "person"}}, {"type": "Feature", "geometry": {"type": "Polygon", "coordinates": [[[16.84043725879798, 48.252779469533294], [16.840501359498088, 48.25278325759444], [16.8405004053399, 48.252790415945924], [16.84043630463979, 48.25278662788479], [16.84043725879798, 48.252779469533294]]]}, "properties": {"timestamp": 93.09, "confidence": 0.751, "label": "person"}}, {"type": "Feature", "geometry": {"type": "Polygon", "coordinates": [[[16.8400900398141, 48.25283826713914], [16.840143388376315, 48.25284465179291], [16.8401414790491, 48.25285172493815], [16.840088130486887, 48.252845340284374], [16.8400900398141, 48.25283826713914]]]}, "properties": {"timestamp": 93.21, "confidence": 0.785, "label": "person"}}, {"type": "Feature", "geometry": {"type": "Polygon", "coordinates": [[[16.840445544836445, 48.252756707886626], [16.840509923592453, 48.25275961336396], [16.84050919371569, 48.2527667834022], [16.840444814959678, 48.25276387792487], [16.840445544836445, 48.252756707886626]]]}, "properties": {"timestamp": 93.66, "confidence": 0.788, "label": "person"}}, {"type": "Feature", "geometry": {"type": "Polygon", "coordinates": [[[16.840095947216927, 48.252816564302286], [16.840149535883345, 48.25282206442745], [16.84014789162362, 48.2528291670321], [16.8400943029572, 48.25282366690694], [16.840095947216927, 48.252816564302286]]]}, "properties": {"timestamp": 93.89, "confidence": 0.703, "label": "person"}}, {"type": "Feature", "geometry": {"type": "Polygon", "coordinates": [[[16.840430799341554, 48.25278398816402], [16.840494697093693, 48.252787953977325], [16.840493695392738, 48.25279510944868], [16.8404297976406, 48.25279114363536], [16.840430799341554, 48.25278398816402]]]}, "properties": {"timestamp": 94.37, "confidence": 0.817, "label": "person"}}, {"type": "Feature", "geometry": {"type": "Polygon", "coordinates": [[[16.84010921328134, 48.25282956943528], [16.84016317601506, 48.2528355809896], [16.84016139499897, 48.25284266895934], [16.84010743226525, 48.25283665740503], [16.84010921328134, 48.25282956943528]]]}, "properties": {"timestamp": 94.56, "confidence": 0.768, "label": "person"}}, {"type": "Feature", "geometry": {"type": "Polygon", "coordinates": [[[16.84043574183818, 48.2527693637317], [16.840499808185772, 48.25277276207593], [16.840498951081624, 48.252779925869106], [16.840434884734037, 48.25277652752488], [16.84043574183818, 48.2527693637317]]]}, "properties": {"timestamp": 95.08, "confidence": 0.764, "label": "person"}}, {"type": "Feature", "geometry": {"type": "Polygon", "coordinates": [[[16.840073650801642, 48.25281943555234], [16.840126547001507, 48.25282507573103], [16.840124840369207, 48.252832171809594], [16.840071944169342, 48.25282653163091], [16.840073650801642, 48.25281943555234]]]}, "properties": {"timestamp": 95.29, "confidence": 0.883, "label": "person"}}, {"type": "Feature", "geometry": {"type": "Polygon", "coordinates": [[[16.840391571228306, 48.25280232504174], [16.840454244222457, 48.25280702295631], [16.840453036798312, 48.252814164334445], [16.84039036380416, 48.252809466419876], [16.840391571228306, 48.25280232504174]]]}, "properties": {"timestamp": 95.53, "confidence": 0.791, "label": "person"}}, {"type": "Feature", "geometry": {"type": "Polygon", "coordinates": [[[16.840093422567872, 48.25282130841463], [16.840146921564358, 48.2528270032747], [16.840145217730523, 48.252834099651416], [16.840091718734037, 48.252828404791344], [16.840093422567872, 48.25282130841463]]]}, "properties": {"timestamp": 95.96, "confidence": 0.737, "label": "person"}}, {"type": "Feature", "geometry": {"type": "Polygon", "coordinates": [[[16.840394158982313, 48.25278405040724], [16.840456937660104, 48.25278803766445], [16.840455912798515, 48.25279519168157], [16.840393134120724, 48.25279120442436], [16.840394158982313, 48.25278405040724]]]}, "properties": {"timestamp": 96.28, "confidence": 0.774, "label": "person"}}, {"type": "Feature", "geometry": {"type": "Polygon", "coordinates": [[[16.840067567964212, 48.25281337986443], [16.840120292984025, 48.252818780214334], [16.840118652029055, 48.252825883157826], [16.840065927009242, 48.25282048280792], [16.840067567964212, 48.25281337986443]]]}, "properties": {"timestamp": 96.43, "confidence": 0.84, "label": "person"}}, {"type": "Feature", "geometry": {"type": "Polygon", "coordinates": [[[16.84039927782537, 48.25278154190041], [16.840462216176523, 48.252785429120784], [16.840461219318286, 48.25279258489197], [16.840398280967133, 48.25278869767159], [16.84039927782537, 48.25278154190041]]]}, "properties": {"timestamp": 96.77, "confidence": 0.815, "label": "person"}}, {"type": "Feature", "geometry": {"type": "Polygon", "coordinates": [[[16.84010355428697, 48.25281230600915], [16.840157387009967, 48.25281762609153], [16.840155802444023, 48.25282473470915], [16.840101969721022, 48.25281941462677], [16.84010355428697, 48.25281230600915]]]}, "properties": {"timestamp": 96.93, "confidence": 0.815, "label": "person"}}, {"type": "Feature", "geometry": {"type": "Polygon", "coordinates": [[[16.840416575625838, 48.2527864855382], [16.840480035691183, 48.252790555304415], [16.84047900094513, 48.252797708690686], [16.840415540879786, 48.25279363892447], [16.840416575625838, 48.2527864855382]]]}, "properties": {"timestamp": 97.42, "confidence": 0.711, "label": "person"}}, {"type": "Feature", "geometry": {"type": "Polygon", "coordinates": [[[16.84009794060257, 48.25280660817326], [16.840151614609475, 48.25281170297792], [16.840150091382224, 48.2528188175376], [16.840096417375317, 48.252813722732945], [16.84009794060257, 48.25280660817326]]]}, "properties": {"timestamp": 97.55, "confidence": 0.802, "label": "person"}}, {"type": "Feature", "geometry": {"type": "Polygon", "coordinates": [[[16.840459660873158, 48.25279293985202], [16.8405244282774, 48.252797235843936], [16.84052335840334, 48.252804386938806], [16.840458590999095, 48.252800090946884], [16.840459660873158, 48.25279293985202]]]}, "properties": {"timestamp": 98.03, "confidence": 0.765, "label": "person"}}, {"type": "Feature", "geometry": {"type": "Polygon", "coordinates": [[[16.84009621138527, 48.25281166887852], [16.84014982025154, 48.25281697044664], [16.840148234629574, 48.25282407895986], [16.840094625763303, 48.25281877739175], [16.84009621138527, 48.25281166887852]]]}, "properties": {"timestamp": 98.05, "confidence": 0.745, "label": "person"}}, {"type": "Feature", "geometry": {"type": "Polygon", "coordinates": [[[16.840074523862167, 48.252806118100025], [16.8401274805121, 48.25281121573981], [16.840125936228922, 48.25281832828674], [16.84007297957899, 48.25281323064696], [16.840074523862167, 48.252806118100025]]]}, "properties": {"timestamp": 98.62, "confidence": 0.826, "label": "person"}}, {"type": "Feature", "geometry": {"type": "Polygon", "coordinates": [[[16.840470927359572, 48.25278580179364], [16.840536048138002, 48.25278981743569], [16.84053505284518, 48.252796973303475], [16.84046993206675, 48.252792957661434], [16.840470927359572, 48.25278580179364]]]}, "properties": {"timestamp": 98.68, "confidence": 0.775, "label": "person"}}, {"type": "Feature", "geometry": {"type": "Polygon", "coordinates": [[[16.840409964978946, 48.252769823932255], [16.840473244130898, 48.25277325149157], [16.840472369022184, 48.252780414319616], [16.840409089870228, 48.252776986760296], [16.840409964978946, 48.252769823932255]]]}, "properties": {"timestamp": 99.2, "confidence": 0.767, "label": "person"}}, {"type": "Feature", "geometry": {"type": "Polygon", "coordinates": [[[16.840096640064292, 48.25280792221421], [16.840150271074037, 48.25281307152925], [16.840148730670304, 48.25282018444914], [16.84009509966056, 48.2528150351341], [16.840096640064292, 48.25280792221421]]]}, "properties": {"timestamp": 99.35, "confidence": 0.776, "label": "person"}}, {"type": "Feature", "geometry": {"type": "Polygon", "coordinates": [[[16.840433763011116, 48.25277505146631], [16.840497762361935, 48.25277867050209], [16.840496849034103, 48.25278583121445], [16.840432849683285, 48.25278221217867], [16.840433763011116, 48.25277505146631]]]}, "properties": {"timestamp": 99.81, "confidence": 0.735, "label": "person"}}, {"type": "Feature", "geometry": {"type": "Polygon", "coordinates": [[[16.84009677727431, 48.252815587435904], [16.840150393875653, 48.252821047153276], [16.84014876224955, 48.2528281510495], [16.840095145648213, 48.25282269133213], [16.84009677727431, 48.252815587435904]]]}, "properties": {"timestamp": 100.1, "confidence": 0.708, "label": "person"}}, {"type": "Feature", "geometry": {"type": "Polygon", "coordinates": [[[16.840425648523862, 48.25278454338492], [16.84048938825791, 48.25278853329019], [16.840488378048175, 48.25279568823119], [16.840424638314126, 48.25279169832591], [16.840425648523862, 48.25278454338492]]]}, "properties": {"timestamp": 100.33, "confidence": 0.741, "label": "person"}}, {"type": "Feature", "geometry": {"type": "Polygon", "coordinates": [[[16.84005817162318, 48.25280125945733], [16.840110638171634, 48.25280617500434], [16.840109134329932, 48.25281329139218], [16.84005666778148, 48.25280837584517], [16.84005817162318, 48.25280125945733]]]}, "properties": {"timestamp": 100.65, "confidence": 0.806, "label": "person"}}, {"type": "Feature", "geometry": {"type": "Polygon", "coordinates": [[[16.84044985257926, 48.25277056024365], [16.840514348193256, 48.25277399866744], [16.84051348678005, 48.25278116223147], [16.840448991166053, 48.252777723807675], [16.84044985257926, 48.25277056024365]]]}, "properties": {"timestamp": 101.06, "confidence": 0.69, "label": "person"}}, {"type": "Feature", "geometry": {"type": "Polygon", "coordinates": [[[16.840074078983672, 48.25280011512877], [16.84012703617596, 48.25280496875618], [16.840125564420454, 48.25281208811746], [16.840072607228162, 48.25280723449005], [16.840074078983672, 48.25280011512877]]]}, "properties": {"timestamp": 101.19, "confidence": 0.816, "label": "person"}}, {"type": "Feature", "geometry": {"type": "Polygon", "coordinates": [[[16.840428066193038, 48.25279538713351], [16.840491864972613, 48.252799794808155], [16.840490751083838, 48.252806942922874], [16.840426952304263, 48.25280253524823], [16.840428066193038, 48.25279538713351]]]}, "properties": {"timestamp": 101.66, "confidence": 0.816, "label": "person"}}, {"type": "Feature", "geometry": {"type": "Polygon", "coordinates": [[[16.840083559670305, 48.252807426127184], [16.840136790470574, 48.252812568064016], [16.84013524090158, 48.25281968010124], [16.840082010101312, 48.25281453816441], [16.840083559670305, 48.252807426127184]]]}, "properties": {"timestamp": 101.75, "confidence": 0.837, "label": "person"}}, {"type": "Feature", "geometry": {"type": "Polygon", "coordinates": [[[16.840418736879393, 48.25280019962601], [16.84048224354876, 48.25280479868348], [16.840481076562185, 48.2528119430414], [16.840417569892818, 48.25280734398393], [16.840418736879393, 48.25280019962601]]]}, "properties": {"timestamp": 102.2, "confidence": 0.761, "label": "person"}}, {"type": "Feature", "geometry": {"type": "Polygon", "coordinates": [[[16.84007221121064, 48.252828362121896], [16.840125038920405, 48.252834366485075], [16.840123222826698, 48.252841450507525], [16.840070395116932, 48.25283544614435], [16.84007221121064, 48.252828362121896]]]}, "properties": {"timestamp": 102.29, "confidence": 0.78, "label": "person"}}, {"type": "Feature", "geometry": {"type": "Polygon", "coordinates": [[[16.84041424661098, 48.25278980910769], [16.840477631003658, 48.25279400876973], [16.840476562287524, 48.25280115994136], [16.840413177894842, 48.25279696027932], [16.84041424661098, 48.25278980910769]]]}, "properties": {"timestamp": 102.85, "confidence": 0.71, "label": "person"}}, {"type": "Feature", "geometry": {"type": "Polygon", "coordinates": [[[16.840066744346355, 48.2528096415284], [16.840119453528935, 48.252814890472756], [16.84011785709101, 48.252821997912626], [16.84006514790843, 48.25281674896827], [16.840066744346355, 48.2528096415284]]]}, "properties": {"timestamp": 102.86, "confidence": 0.789, "label": "person"}}, {"type": "Feature", "geometry": {"type": "Polygon", "coordinates": [[[16.840388509771557, 48.25279507217359], [16.840451100230126, 48.252799490491796], [16.84044996236243, 48.25280663693185], [16.840387371903866, 48.25280221861365], [16.840388509771557, 48.25279507217359]]]}, "properties": {"timestamp": 103.37, "confidence": 0.763, "label": "person"}}, {"type": "Feature", "geometry": {"type": "Polygon", "coordinates": [[[16.84008675810628, 48.25282890683454], [16.84014003191541, 48.252834916668114], [16.840138229008463, 48.25284200218377], [16.840084955199334, 48.252835992350185], [16.84008675810628, 48.25282890683454]]]}, "properties": {"timestamp": 103.56, "confidence": 0.705, "label": "person"}}, {"type": "Feature", "geometry": {"type": "Polygon", "coordinates": [[[16.840423394999682, 48.25277776302344], [16.84048707455398, 48.25278149180615], [16.840486129048358, 48.25278865066662], [16.840422449494064, 48.252784921883915], [16.840423394999682, 48.25277776302344]]]}, "properties": {"timestamp": 103.94, "confidence": 0.774, "label": "person"}}, {"type": "Feature", "geometry": {"type": "Polygon", "coordinates": [[[16.840083778963272, 48.252841184864], [16.840136926149675, 48.252847695020606], [16.84013497336797, 48.25285476290416], [16.840081826181564, 48.25284825274755], [16.840083778963272, 48.252841184864]]]}, "properties": {"timestamp": 104.19, "confidence": 0.801, "label": "person"}}, {"type": "Feature", "geometry": {"type": "Polygon", "coordinates": [[[16.840396580695895, 48.2527935383982], [16.84045942005225, 48.252797892486065], [16.8404583029406, 48.252805040377794], [16.840395463584244, 48.25280068628993], [16.840396580695895, 48.2527935383982]]]}, "properties": {"timestamp": 104.55, "confidence": 0.857, "label": "person"}}, {"type": "Feature", "geometry": {"type": "Polygon", "coordinates": [[[16.84006831462423, 48.25281729018078], [16.840121052454712, 48.25282284889556], [16.840119364939405, 48.25282994700081], [16.84006662710892, 48.25282438828603], [16.84006831462423, 48.25281729018078]]]}, "properties": {"timestamp": 104.91, "confidence": 0.794, "label": "person"}}, {"type": "Feature", "geometry": {"type": "Polygon", "coordinates": [[[16.840434641006798, 48.252777715510604], [16.8404986639438, 48.25278143707267], [16.84049772527813, 48.2527885963322], [16.840433702341127, 48.252784874770136], [16.840434641006798, 48.252777715510604]]]}, "properties": {"timestamp": 105.09, "confidence": 0.767, "label": "person"}}, {"type": "Feature", "geometry": {"type": "Polygon", "coordinates": [[[16.84009458106629, 48.25281444186798], [16.84014813307107, 48.252819857425095], [16.84014651243557, 48.252826962436615], [16.840092960430788, 48.25282154687951], [16.84009458106629, 48.25281444186798]]]}, "properties": {"timestamp": 105.53, "confidence": 0.78, "label": "person"}}, {"type": "Feature", "geometry": {"type": "Polygon", "coordinates": [[[16.840458106712777, 48.25280167664696], [16.840522814452882, 48.25280630967837], [16.840521660514856, 48.2528134549759], [16.84045695277475, 48.25280882194449], [16.840458106712777, 48.25280167664696]]]}, "properties": {"timestamp": 105.63, "confidence": 0.741, "label": "person"}}, {"type": "Feature", "geometry": {"type": "Polygon", "coordinates": [[[16.840055170825377, 48.25280663997868], [16.840107532150533, 48.25281177830473], [16.840105958476194, 48.252818887994955], [16.840053597151037, 48.2528137496689], [16.840055170825377, 48.25280663997868]]]}, "properties": {"timestamp": 106.05, "confidence": 0.742, "label": "person"}}, {"type": "Feature", "geometry": {"type": "Polygon", "coordinates": [[[16.84042961598026, 48.25279898660505], [16.840493456932894, 48.252803532404755], [16.84049230927705, 48.25281067815085], [16.840428468324415, 48.25280613235115], [16.84042961598026, 48.25279898660505]]]}, "properties": {"timestamp": 106.13, "confidence": 0.706, "label": "person"}}, {"type": "Feature", "geometry": {"type": "Polygon", "coordinates": [[[16.840388198863224, 48.252776721232294], [16.840450805159705, 48.252780426858216], [16.840449849497656, 48.25278758512076], [16.840387243201175, 48.252783879494835], [16.840388198863224, 48.252776721232294]]]}, "properties": {"timestamp": 106.63, "confidence": 0.772, "label": "person"}}, {"type": "Feature", "geometry": {"type": "Polygon", "coordinates": [[[16.840093118961025, 48.252829011187124], [16.84014658817046, 48.252835018075274], [16.84014479252536, 48.252842104408444], [16.840091323315928, 48.252836097520294], [16.840093118961025, 48.252829011187124]]]}, "properties": {"timestamp": 106.64, "confidence": 0.78, "label": "person"}}, {"type": "Feature", "geometry": {"type": "Polygon", "coordinates": [[[16.84006065834833, 48.252835862972], [16.84011310876523, 48.252842185723836], [16.84011118601052, 48.25284925725626], [16.840058735593622, 48.25284293450442], [16.84006065834833, 48.252835862972]]]}, "properties": {"timestamp": 107.22, "confidence": 0.818, "label": "person"}}, {"type": "Feature", "geometry": {"type": "Polygon", "coordinates": [[[16.840431337285825, 48.252789200129136], [16.84049524457451, 48.252793367020324], [16.840494192710995, 48.25280051929967], [16.84043028542231, 48.25279635240848], [16.840431337285825, 48.252789200129136]]]}, "properties": {"timestamp": 107.37, "confidence": 0.792, "label": "person"}}, {"type": "Feature", "geometry": {"type": "Polygon", "coordinates": [[[16.840091407865728, 48.252834983835676], [16.84014480789473, 48.25284123417627], [16.8401429392636, 48.25284831213839], [16.840089539234597, 48.25284206179779], [16.840091407865728, 48.252834983835676]]]}, "properties": {"timestamp": 107.91, "confidence": 0.846, "label": "person"}}, {"type": "Feature", "geometry": {"type": "Polygon", "coordinates": [[[16.84043310492619, 48.25280153718644], [16.840497048761822, 48.25280617939766], [16.84049587891243, 48.252813323548004], [16.840431935076797, 48.25280868133678], [16.84043310492619, 48.25280153718644]]]}, "properties": {"timestamp": 108.09, "confidence": 0.712, "label": "person"}}, {"type": "Feature", "geometry": {"type": "Polygon", "coordinates": [[[16.840072260771276, 48.25280603410573], [16.84012514817081, 48.25281113056116], [16.840123602258913, 48.25281824295122], [16.84007071485938, 48.25281314649579], [16.840072260771276, 48.25280603410573]]]}, "properties": {"timestamp": 108.51, "confidence": 0.788, "label": "person"}}, {"type": "Feature", "geometry": {"type": "Polygon", "coordinates": [[[16.84044391254852, 48.252781832059846], [16.840508213455042, 48.252785708081674], [16.840507240334542, 48.25279286530135], [16.84044293942802, 48.25278898927952], [16.84044391254852, 48.252781832059846]]]}, "properties": {"timestamp": 108.84, "confidence": 0.792, "label": "person"}}, {"type": "Feature", "geometry": {"type": "Polygon", "coordinates": [[[16.840093568933792, 48.25282746006668], [16.840147056177134, 48.252833403713424], [16.84014527950458, 48.25284049216644], [16.840091792261237, 48.2528345485197], [16.840093568933792, 48.25282746006668]]]}, "properties": {"timestamp": 109.02, "confidence": 0.768, "label": "person"}}, {"type": "Feature", "geometry": {"type": "Polygon", "coordinates": [[[16.840467053638044, 48.25280639078385], [16.840532027950356, 48.25281119985101], [16.84053083554922, 48.252818342348164], [16.840465861236908, 48.25281353328101], [16.840467053638044, 48.25280639078385]]]}, "properties": {"timestamp": 109.51, "confidence": 0.767, "label": "person"}}, {"type": "Feature", "geometry": {"type": "Polygon", "coordinates": [[[16.840077446255055, 48.25280984051279], [16.840130483527016, 48.2528150866741], [16.840128897573727, 48.25282219515456], [16.840075860301766, 48.25281694899325], [16.840077446255055, 48.25280984051279]]]}, "properties": {"timestamp": 109.64, "confidence": 0.807, "label": "person"}}, {"type": "Feature", "geometry": {"type": "Polygon", "coordinates": [[[16.840411221356717, 48.252792894213215], [16.840474508995953, 48.25279721498595], [16.840473408112206, 48.252804363993846], [16.84041012047297, 48.252800043221114], [16.840411221356717, 48.252792894213215]]]}, "properties": {"timestamp": 110.08, "confidence": 0.757, "label": "person"}}, {"type": "Feature", "geometry": {"type": "Polygon", "coordinates": [[[16.840136724933206, 48.25283292418689], [16.840191524827926, 48.25283904072049], [16.840189740486608, 48.25284612831945], [16.840134940591888, 48.25284001178584], [16.840136724933206, 48.25283292418689]]]}, "properties": {"timestamp": 110.13, "confidence": 0.767, "label": "person"}}, {"type": "Feature", "geometry": {"type": "Polygon", "coordinates": [[[16.840402878807428, 48.252764307154955], [16.840465948002617, 48.25276752379893], [16.84046512370253, 48.25277468929867], [16.84040205450734, 48.25277147265469], [16.840402878807428, 48.252764307154955]]]}, "properties": {"timestamp": 110.61, "confidence": 0.837, "label": "person"}}, {"type": "Feature", "geometry": {"type": "Polygon", "coordinates": [[[16.84006611133104, 48.252817840584754], [16.8401187799955, 48.252823424083076], [16.84011708297079, 48.252830521183114], [16.84006441430633, 48.2528249376848], [16.84006611133104, 48.252817840584754]]]}, "properties": {"timestamp": 110.77, "confidence": 0.759, "label": "person"}}, {"type": "Feature", "geometry": {"type": "Polygon", "coordinates": [[[16.84038960054599, 48.25277936308913], [16.84045224623388, 48.252783170674334], [16.840451265103933, 48.2527903274092], [16.840388619416043, 48.252786519824], [16.84038960054599, 48.25277936308913]]]}, "properties": {"timestamp": 111.1, "confidence": 0.713, "label": "person"}}, {"type": "Feature", "geometry": {"type": "Polygon", "coordinates": [[[16.84002521185936, 48.25282185154421], [16.840076611486065, 48.25282764531399], [16.840074809980646, 48.252834730987686], [16.84002341035394, 48.252828937217906], [16.84002521185936, 48.25282185154421]]]}, "properties": {"timestamp": 111.4, "confidence": 0.794, "label": "person"}}, {"type": "Feature", "geometry": {"type": "Polygon", "coordinates": [[[16.840371846875417, 48.25277518947388], [16.840433955866775, 48.25277884365534], [16.8404330058818, 48.252786002252904], [16.84037089689044, 48.25278234807144], [16.840371846875417, 48.25277518947388]]]}, "properties": {"timestamp": 111.79, "confidence": 0.767, "label": "person"}}, {"type": "Feature", "geometry": {"type": "Polygon", "coordinates": [[[16.840007733821547, 48.252815193772086], [16.84005861458332, 48.25282073463137], [16.840056872530127, 48.25282782689288], [16.84000599176835, 48.2528222860336], [16.840007733821547, 48.252815193772086]]]}, "properties": {"timestamp": 112.15, "confidence": 0.752, "label": "person"}}, {"type": "Feature", "geometry": {"type": "Polygon", "coordinates": [[[16.840286800625556, 48.25279236334474], [16.84034628612829, 48.25279673906276], [16.840345100976588, 48.25280388209483], [16.840285615473853, 48.25279950637681], [16.840286800625556, 48.25279236334474]]]}, "properties": {"timestamp": 112.39, "confidence": 0.777, "label": "person"}}, {"type": "Feature", "geometry": {"type": "Polygon", "coordinates": [[[16.83998046156742, 48.25282051946648], [16.840030487049823, 48.252826313165485], [16.840028637515314, 48.25283339335105], [16.839978612032915, 48.25282759965204], [16.83998046156742, 48.25282051946648]]]}, "properties": {"timestamp": 112.77, "confidence": 0.701, "label": "person"}}, {"type": "Feature", "geometry": {"type": "Polygon", "coordinates": [[[16.84029849298045, 48.25278387481035], [16.84035834927889, 48.252787909138014], [16.84035726230884, 48.252795059089756], [16.840297406010396, 48.25279102476209], [16.84029849298045, 48.25278387481035]]]}, "properties": {"timestamp": 113.11, "confidence": 0.774, "label": "person"}}, {"type": "Feature", "geometry": {"type": "Polygon", "coordinates": [[[16.83997275158753, 48.25281052196737], [16.840022569404706, 48.252815911029295], [16.840020838626934, 48.25282300451461], [16.83997102080976, 48.252817615452685], [16.83997275158753, 48.25281052196737]]]}, "properties": {"timestamp": 113.45, "confidence": 0.696, "label": "person"}}, {"type": "Feature", "geometry": {"type": "Polygon", "coordinates": [[[16.840252790556065, 48.25276459526794], [16.8403112783533, 48.25276789379445], [16.84031036744974, 48.25277505464371], [16.840251879652502, 48.252771756117205], [16.840252790556065, 48.25276459526794]]]}, "properties": {"timestamp": 113.8, "confidence": 0.782, "label": "person"}}, {"type": "Feature", "geometry": {"type": "Polygon", "coordinates": [[[16.839947036173527, 48.2527979438307], [16.839996098806036, 48.25280283903143], [16.83999449936687, 48.25280994617214], [16.83994543673436, 48.25280505097141], [16.839947036173527, 48.2527979438307]]]}, "properties": {"timestamp": 113.98, "confidence": 0.799, "label": "person"}}, {"type": "Feature", "geometry": {"type": "Polygon", "coordinates": [[[16.83992730654284, 48.25277549952613], [16.83997582130418, 48.25277947360887], [16.839974503438725, 48.25278660632455], [16.839925988677386, 48.25278263224181], [16.83992730654284, 48.25277549952613]]]}, "properties": {"timestamp": 114.44, "confidence": 0.764, "label": "person"}}, {"type": "Feature", "geometry": {"type": "Polygon", "coordinates": [[[16.840219705596994, 48.252763706562156], [16.840277184387407, 48.25276698721173], [16.840276262596447, 48.25277414744328], [16.840218783806034, 48.25277086679371], [16.840219705596994, 48.252763706562156]]]}, "properties": {"timestamp": 114.52, "confidence": 0.837, "label": "person"}}, {"type": "Feature", "geometry": {"type": "Polygon", "coordinates": [[[16.839927052334126, 48.252784222159654], [16.839975537807234, 48.25278856367738], [16.8399740993137, 48.25279568605209], [16.83992561384059, 48.25279134453437], [16.839927052334126, 48.252784222159654]]]}, "properties": {"timestamp": 115.03, "confidence": 0.844, "label": "person"}}, {"type": "Feature", "geometry": {"type": "Polygon", "coordinates": [[[16.840177016815357, 48.2527682178738], [16.840233185179944, 48.252771703187236], [16.84023218369991, 48.25277885867229], [16.84017601533532, 48.25277537335886], [16.840177016815357, 48.2527682178738]]]}, "properties": {"timestamp": 115.24, "confidence": 0.827, "label": "person"}}, {"type": "Feature", "geometry": {"type": "Polygon", "coordinates": [[[16.839880894268628, 48.252802892873575], [16.839927907100517, 48.252808077136116], [16.839926143643744, 48.2528151670521], [16.83987913081186, 48.25280998278956], [16.839880894268628, 48.252802892873575]]]}, "properties": {"timestamp": 115.6, "confidence": 0.866, "label": "person"}}, {"type": "Feature", "geometry": {"type": "Polygon", "coordinates": [[[16.840154693156258, 48.252756289305054], [16.840210197126712, 48.25275930752454], [16.84020931860356, 48.25276647016727], [16.840153814633105, 48.25276345194779], [16.840154693156258, 48.252756289305054]]]}, "properties": {"timestamp": 115.77, "confidence": 0.741, "label": "person"}}, {"type": "Feature", "geometry": {"type": "Polygon", "coordinates": [[[16.8398379695955, 48.25277639683675], [16.839883741468437, 48.2527805019259], [16.839882300715423, 48.25278762409813], [16.83983652884249, 48.252783519008986], [16.8398379695955, 48.25277639683675]]]}, "properties": {"timestamp": 116.12, "confidence": 0.855, "label": "person"}}, {"type": "Feature", "geometry": {"type": "Polygon", "coordinates": [[[16.840163082138623, 48.25275795151073], [16.840218839935595, 48.25276103217159], [16.840217947415084, 48.25276819404707], [16.84016218961811, 48.252765113386204], [16.840163082138623, 48.25275795151073]]]}, "properties": {"timestamp": 116.31, "confidence": 0.826, "label": "person"}}, {"type": "Feature", "geometry": {"type": "Polygon", "coordinates": [[[16.8398285462669, 48.25277359584726], [16.839874036568606, 48.252777590765426], [16.839872625285455, 48.252784715553176], [16.83982713498375, 48.25278072063501], [16.8398285462669, 48.25277359584726]]]}, "properties": {"timestamp": 116.69, "confidence": 0.807, "label": "person"}}, {"type": "Feature", "geometry": {"type": "Polygon", "coordinates": [[[16.840089705700176, 48.25275966302949], [16.84014321987632, 48.25276285541001], [16.84014225675787, 48.25277001322948], [16.84008874258172, 48.252766820848954], [16.840089705700176, 48.25275966302949]]]}, "properties": {"timestamp": 117.04, "confidence": 0.784, "label": "person"}}, {"type": "Feature", "geometry": {"type": "Polygon", "coordinates": [[[16.83981414756353, 48.252774309081516], [16.839859193753757, 48.252778351212086], [16.839857752256478, 48.25278547331755], [16.83981270606625, 48.25278143118698], [16.83981414756353, 48.252774309081516]]]}, "properties": {"timestamp": 117.43, "confidence": 0.832, "label": "person"}}, {"type": "Feature", "geometry": {"type": "Polygon", "coordinates": [[[16.84011263595309, 48.25274491430604], [16.840166871310604, 48.25274749353936], [16.84016610240473, 48.252754661768854], [16.840111867047217, 48.25275208253554], [16.84011263595309, 48.25274491430604]]]}, "properties": {"timestamp": 117.63, "confidence": 0.759, "label": "person"}}, {"type": "Feature", "geometry": {"type": "Polygon", "coordinates": [[[16.839784253595784, 48.25278580892671], [16.839828344971412, 48.25279038858649], [16.83982668144871, 48.25279748920221], [16.83978259007308, 48.25279290954243], [16.839784253595784, 48.25278580892671]]]}, "properties": {"timestamp": 117.99, "confidence": 0.754, "label": "person"}}, {"type": "Feature", "geometry": {"type": "Polygon", "coordinates": [[[16.840057910016217, 48.252724161624116], [16.84011049973632, 48.252725915422296], [16.84010995984708, 48.25273309291504], [16.840057370126978, 48.25273133911685], [16.840057910016217, 48.252724161624116]]]}, "properties": {"timestamp": 118.21, "confidence": 0.788, "label": "person"}}, {"type": "Feature", "geometry": {"type": "Polygon", "coordinates": [[[16.839777155768314, 48.25277157083855], [16.839821073586037, 48.252775537333065], [16.839819622887585, 48.2527826586102], [16.839775705069858, 48.25277869211568], [16.839777155768314, 48.25277157083855]]]}, "properties": {"timestamp": 118.69, "confidence": 0.791, "label": "person"}}, {"type": "Feature", "geometry": {"type": "Polygon", "coordinates": [[[16.84003404765836, 48.25272962835487], [16.840085903870495, 48.252731616731666], [16.84008528336031, 48.25273879133447], [16.840033427148175, 48.25273680295768], [16.84003404765836, 48.25272962835487]]]}, "properties": {"timestamp": 118.72, "confidence": 0.816, "label": "person"}}, {"type": "Feature", "geometry": {"type": "Polygon", "coordinates": [[[16.83997248325856, 48.252736525285606], [16.840022452437427, 48.2527388293704], [16.84002170680065, 48.25274599868966], [16.839971737621784, 48.25274369460487], [16.83997248325856, 48.252736525285606]]]}, "properties": {"timestamp": 119.35, "confidence": 0.819, "label": "person"}}, {"type": "Feature", "geometry": {"type": "Polygon", "coordinates": [[[16.839710353115606, 48.25276486882686], [16.83975223845315, 48.25276862162602], [16.839750799102546, 48.25277574392396], [16.839708913764998, 48.25277199112481], [16.839710353115606, 48.25276486882686]]]}, "properties": {"timestamp": 119.43, "confidence": 0.815, "label": "person"}}, {"type": "Feature", "geometry": {"type": "Polygon", "coordinates": [[[16.839970740281043, 48.25273537983732], [16.840020657847084, 48.2527376368753], [16.840019926613078, 48.25274480685223], [16.839970009047036, 48.25274254981424], [16.839970740281043, 48.25273537983732]]]}, "properties": {"timestamp": 119.91, "confidence": 0.812, "label": "person"}}, {"type": "Feature", "geometry": {"type": "Polygon", "coordinates": [[[16.839719056168097, 48.252753709227235], [16.839761241605657, 48.25275695212496], [16.839760003763068, 48.25276409119386], [16.839717818325504, 48.252760848296134], [16.839719056168097, 48.252753709227235]]]}, "properties": {"timestamp": 120.11, "confidence": 0.793, "label": "person"}}, {"type": "Feature", "geometry": {"type": "Polygon", "coordinates": [[[16.839967287998103, 48.25274017927563], [16.840017093339597, 48.2527426392011], [16.84001629493241, 48.25274980600057], [16.83996648959092, 48.25274734607509], [16.839967287998103, 48.25274017927563]]]}, "properties": {"timestamp": 120.43, "confidence": 0.796, "label": "person"}}, {"type": "Feature", "geometry": {"type": "Polygon", "coordinates": [[[16.839690155512752, 48.25275917392799], [16.83973143797445, 48.25276269633169], [16.839730066124325, 48.25276982453322], [16.839688783662627, 48.252766302129515], [16.839690155512752, 48.25275917392799]]]}, "properties": {"timestamp": 120.79, "confidence": 0.833, "label": "person"}}, {"type": "Feature", "geometry": {"type": "Polygon", "coordinates": [[[16.839895691837846, 48.25275604988142], [16.839943281466443, 48.25275922858], [16.83994220417615, 48.252766379181224], [16.839894614547553, 48.25276320048265], [16.839895691837846, 48.25275604988142]]]}, "properties": {"timestamp": 121.05, "confidence": 0.882, "label": "person"}}, {"type": "Feature", "geometry": {"type": "Polygon", "coordinates": [[[16.839664238616013, 48.25275628587702], [16.839704733877088, 48.252759710095184], [16.839703374145895, 48.25276683932611], [16.83966287888482, 48.25276341510795], [16.839664238616013, 48.25275628587702]]]}, "properties": {"timestamp": 121.32, "confidence": 0.828, "label": "person"}}, {"type": "Feature", "geometry": {"type": "Polygon", "coordinates": [[[16.839863982630416, 48.25273343306228], [16.839910644248423, 48.252735666921964], [16.83990987023873, 48.252742834907934], [16.839863208620727, 48.252740601048245], [16.839863982630416, 48.25273343306228]]]}, "properties": {"timestamp": 121.58, "confidence": 0.805, "label": "person"}}, {"type": "Feature", "geometry": {"type": "Polygon", "coordinates": [[[16.839643910272954, 48.25274642027739], [16.83968381146137, 48.25274941767418], [16.83968260147109, 48.25275655885976], [16.839642700282674, 48.25275356146296], [16.839643910272954, 48.25274642027739]]]}, "properties": {"timestamp": 121.81, "confidence": 0.809, "label": "person"}}, {"type": "Feature", "geometry": {"type": "Polygon", "coordinates": [[[16.83986141151249, 48.25271885804309], [16.83990801501579, 48.252720466069384], [16.839907456465617, 48.252727642929024], [16.83986085296232, 48.25272603490273], [16.83986141151249, 48.25271885804309]]]}, "properties": {"timestamp": 122.17, "confidence": 0.802, "label": "person"}}, {"type": "Feature", "geometry": {"type": "Polygon", "coordinates": [[[16.83961179970128, 48.25274428510943], [16.839650722061467, 48.252747221948404], [16.839649506770773, 48.252754362734926], [16.839610584410586, 48.25275142589595], [16.83961179970128, 48.25274428510943]]]}, "properties": {"timestamp": 122.47, "confidence": 0.842, "label": "person"}}, {"type": "Feature", "geometry": {"type": "Polygon", "coordinates": [[[16.839849023104716, 48.252719547130745], [16.839895247913333, 48.252721190386865], [16.839894672497252, 48.252728366655745], [16.839848447688635, 48.252726723399626], [16.839849023104716, 48.252719547130745]]]}, "properties": {"timestamp": 122.81, "confidence": 0.741, "label": "person"}}, {"type": "Feature", "geometry": {"type": "Polygon", "coordinates": [[[16.839578488390757, 48.25274757328459], [16.83961637703647, 48.25275070766738], [16.839615046316773, 48.25275783932489], [16.839577157671055, 48.2527547049421], [16.839578488390757, 48.25274757328459]]]}, "properties": {"timestamp": 123.2, "confidence": 0.757, "label": "person"}}, {"type": "Feature", "geometry": {"type": "Polygon", "coordinates": [[[16.839799033111994, 48.25271829547309], [16.839843734687836, 48.25271990763772], [16.8398431509466, 48.2527270836085], [16.83979844937076, 48.25272547144387], [16.839799033111994, 48.25271829547309]]]}, "properties": {"timestamp": 123.51, "confidence": 0.821, "label": "person"}}, {"type": "Feature", "geometry": {"type": "Polygon", "coordinates": [[[16.8395593475947, 48.25273546636514], [16.839596687649173, 48.25273805071008], [16.839595571783555, 48.2527451986881], [16.839558231729082, 48.25274261434316], [16.8395593475947, 48.25273546636514]]]}, "properties": {"timestamp": 123.7, "confidence": 0.89, "label": "person"}}, {"type": "Feature", "geometry": {"type": "Polygon", "coordinates": [[[16.83976545624659, 48.252709280814805], [16.839809144954533, 48.252710510361624], [16.839808689171427, 48.25271769044025], [16.839765000463483, 48.25271646089344], [16.83976545624659, 48.252709280814805]]]}, "properties": {"timestamp": 124.14, "confidence": 0.852, "label": "person"}}, {"type": "Feature", "geometry": {"type": "Polygon", "coordinates": [[[16.83953146149552, 48.25272427673748], [16.839567978927196, 48.252726353816264], [16.83956706029034, 48.252733514227536], [16.83953054285866, 48.25273143714875], [16.83953146149552, 48.25272427673748]]]}, "properties": {"timestamp": 124.33, "confidence": 0.833, "label": "person"}}, {"type": "Feature", "geometry": {"type": "Polygon", "coordinates": [[[16.839749129585464, 48.252723057638505], [16.839792301381177, 48.25272490706981], [16.83979160841658, 48.25273207873163], [16.839748436620862, 48.252730229300326], [16.839749129585464, 48.252723057638505]]]}, "properties": {"timestamp": 124.64, "confidence": 0.854, "label": "person"}}, {"type": "Feature", "geometry": {"type": "Polygon", "coordinates": [[[16.839498456586174, 48.25272685277704], [16.83953395592309, 48.25272909216521], [16.839532937944334, 48.25273624661799], [16.839497438607417, 48.252734007229826], [16.839498456586174, 48.25272685277704]]]}, "properties": {"timestamp": 125.03, "confidence": 0.842, "label": "person"}}, {"type": "Feature", "geometry": {"type": "Polygon", "coordinates": [[[16.839741830118633, 48.252711344606745], [16.839784795966377, 48.25271267574575], [16.839784294316907, 48.25271985446847], [16.839741328469167, 48.25271852332946], [16.839741830118633, 48.252711344606745]]]}, "properties": {"timestamp": 125.27, "confidence": 0.844, "label": "person"}}, {"type": "Feature", "geometry": {"type": "Polygon", "coordinates": [[[16.83950026832634, 48.2527217589688], [16.839535837744233, 48.25272374537943], [16.839534935674674, 48.25273090672447], [16.83949936625678, 48.25272892031384], [16.83950026832634, 48.2527217589688]]]}, "properties": {"timestamp": 125.5, "confidence": 0.776, "label": "person"}}, {"type": "Feature", "geometry": {"type": "Polygon", "coordinates": [[[16.83948124841243, 48.25271686743774], [16.839516248761726, 48.252718630798064], [16.83951543443448, 48.25272579680334], [16.839480434085182, 48.252724033443016], [16.83948124841243, 48.25271686743774]]]}, "properties": {"timestamp": 125.99, "confidence": 0.807, "label": "person"}}, {"type": "Feature", "geometry": {"type": "Polygon", "coordinates": [[[16.83967765416995, 48.252709759876396], [16.8397186648775, 48.25271104888531], [16.839718155962473, 48.252718227381294], [16.83967714525492, 48.25271693837238], [16.83967765416995, 48.252709759876396]]]}, "properties": {"timestamp": 126.02, "confidence": 0.832, "label": "person"}}, {"type": "Feature", "geometry": {"type": "Polygon", "coordinates": [[[16.8394577511982, 48.2527200578251], [16.839492023723277, 48.25272200588273], [16.839491105709982, 48.25272916632945], [16.839456833184908, 48.25272721827182], [16.8394577511982, 48.2527200578251]]]}, "properties": {"timestamp": 126.52, "confidence": 0.798, "label": "person"}}, {"type": "Feature", "geometry": {"type": "Polygon", "coordinates": [[[16.839635280644963, 48.25271299791176], [16.839674993864318, 48.252714458423384], [16.839674398643055, 48.25272163397606], [16.8396346854237, 48.252720173464425], [16.839635280644963, 48.25271299791176]]]}, "properties": {"timestamp": 126.76, "confidence": 0.841, "label": "person"}}, {"type": "Feature", "geometry": {"type": "Polygon", "coordinates": [[[16.83942778522665, 48.25271363398533], [16.839461158736455, 48.2527152875463], [16.839460357816332, 48.252722454221455], [16.839426984306527, 48.252720800660484], [16.83942778522665, 48.25271363398533]]]}, "properties": {"timestamp": 127.02, "confidence": 0.846, "label": "person"}}, {"type": "Feature", "geometry": {"type": "Polygon", "coordinates": [[[16.839634053148703, 48.25269070959406], [16.83967375446831, 48.252691135333976], [16.839673580666997, 48.252698320891554], [16.839633879347392, 48.25269789515164], [16.839634053148703, 48.25269070959406]]]}, "properties": {"timestamp": 127.46, "confidence": 0.849, "label": "person"}}, {"type": "Feature", "geometry": {"type": "Polygon", "coordinates": [[[16.83940352168041, 48.252720731183686], [16.839436130060275, 48.252722781248146], [16.839435115492854, 48.25272993591576], [16.839402507112986, 48.25272788585131], [16.83940352168041, 48.252720731183686]]]}, "properties": {"timestamp": 127.77, "confidence": 0.862, "label": "person"}}, {"type": "Feature", "geometry": {"type": "Polygon", "coordinates": [[[16.839598298850685, 48.25270868874277], [16.839636890486947, 48.25270996886057], [16.839636353469444, 48.25271714644882], [16.839597761833183, 48.25271586633102], [16.839598298850685, 48.25270868874277]]]}, "properties": {"timestamp": 127.94, "confidence": 0.918, "label": "person"}}, {"type": "Feature", "geometry": {"type": "Polygon", "coordinates": [[[16.839383980987044, 48.252711491076035], [16.839416020277312, 48.252713079988354], [16.839415218625604, 48.25272024662724], [16.839383179335332, 48.25271865771492], [16.839383980987044, 48.252711491076035]]]}, "properties": {"timestamp": 128.42, "confidence": 0.827, "label": "person"}}, {"type": "Feature", "geometry": {"type": "Polygon", "coordinates": [[[16.83957740314484, 48.25269611725303], [16.839615373845835, 48.25269681093844], [16.839615077826224, 48.252703994724364], [16.839577107125233, 48.252703301038956], [16.83957740314484, 48.25269611725303]]]}, "properties": {"timestamp": 128.57, "confidence": 0.849, "label": "person"}}, {"type": "Feature", "geometry": {"type": "Polygon", "coordinates": [[[16.839370203646133, 48.25269079867699], [16.8394018657045, 48.25269129482517], [16.839401611769848, 48.252698479325254], [16.839369949711482, 48.252697983177065], [16.839370203646133, 48.25269079867699]]]}, "properties": {"timestamp": 128.93, "confidence": 0.928, "label": "person"}}, {"type": "Feature", "geometry": {"type": "Polygon", "coordinates": [[[16.839534672761506, 48.25269844287713], [16.83957133843246, 48.25269926368951], [16.839570975764754, 48.25270644612064], [16.8395343100938, 48.252705625308266], [16.839534672761506, 48.25269844287713]]]}, "properties": {"timestamp": 129.1, "confidence": 0.727, "label": "person"}}, {"type": "Feature", "geometry": {"type": "Polygon", "coordinates": [[[16.839510070204284, 48.25268789846821], [16.83954599650313, 48.25268821080157], [16.8395458555941, 48.25269539667848], [16.839509929295257, 48.25269508434513], [16.839510070204284, 48.25268789846821]]]}, "properties": {"timestamp": 129.58, "confidence": 0.831, "label": "person"}}, {"type": "Feature", "geometry": {"type": "Polygon", "coordinates": [[[16.83933717529698, 48.25269617246986], [16.839367821969525, 48.25269697690426], [16.83936739682161, 48.25270415781604], [16.83933675014907, 48.25270335338164], [16.83933717529698, 48.25269617246986]]]}, "properties": {"timestamp": 129.68, "confidence": 0.817, "label": "person"}}, {"type": "Feature", "geometry": {"type": "Polygon", "coordinates": [[[16.839507386154537, 48.25269337686125], [16.83954322592463, 48.252693959595014], [16.839542962445957, 48.25270114394273], [16.839507122675865, 48.25270056120897], [16.839507386154537, 48.25269337686125]]]}, "properties": {"timestamp": 130.07, "confidence": 0.855, "label": "person"}}, {"type": "Feature", "geometry": {"type": "Polygon", "coordinates": [[[16.839332437662208, 48.2526944051413], [16.839362943045778, 48.25269511509493], [16.839362566031053, 48.252702297198525], [16.839332060647482, 48.25270158724489], [16.839332437662208, 48.2526944051413]]]}, "properties": {"timestamp": 130.14, "confidence": 0.806, "label": "person"}}, {"type": "Feature", "geometry": {"type": "Polygon", "coordinates": [[[16.83946570038304, 48.252684853282325], [16.83950027708351, 48.25268501975056], [16.839500199045457, 48.2526922060521], [16.839465622344992, 48.25269203958388], [16.83946570038304, 48.252684853282325]]]}, "properties": {"timestamp": 130.7, "confidence": 0.863, "label": "person"}}, {"type": "Feature", "geometry": {"type": "Polygon", "coordinates": [[[16.839301025935654, 48.25269120111399], [16.839330578848745, 48.25269174856167], [16.839330278694653, 48.252698932271535], [16.839300725781566, 48.25269838482385], [16.839301025935654, 48.25269120111399]]]}, "properties": {"timestamp": 130.89, "confidence": 0.829, "label": "person"}}, {"type": "Feature", "geometry": {"type": "Polygon", "coordinates": [[[16.839272932731323, 48.25268992356764], [16.839301631234814, 48.252690411086405], [16.839301355963638, 48.25269759523809], [16.839272657460146, 48.25269710771932], [16.839272932731323, 48.25268992356764]]]}, "properties": {"timestamp": 131.34, "confidence": 0.8, "label": "person"}}, {"type": "Feature", "geometry": {"type": "Polygon", "coordinates": [[[16.83943915697219, 48.25268759951707], [16.839472923225276, 48.25268790934251], [16.839472774507488, 48.252695095149654], [16.839439008254402, 48.252694785324216], [16.83943915697219, 48.25268759951707]]]}, "properties": {"timestamp": 131.36, "confidence": 0.862, "label": "person"}}, {"type": "Feature", "geometry": {"type": "Polygon", "coordinates": [[[16.839234804423786, 48.25268703108532], [16.83926234509028, 48.25268736294068], [16.83926214980333, 48.25269454825361], [16.83923460913683, 48.252694216398254], [16.839234804423786, 48.25268703108532]]]}, "properties": {"timestamp": 131.84, "confidence": 0.854, "label": "person"}}, {"type": "Feature", "geometry": {"type": "Polygon", "coordinates": [[[16.839419082781234, 48.25267604177728], [16.83945224218262, 48.25267575582152], [16.839452381956395, 48.252682941708265], [16.839419222555005, 48.25268322766402], [16.839419082781234, 48.25267604177728]]]}, "properties": {"timestamp": 131.87, "confidence": 0.849, "label": "person"}}, {"type": "Feature", "geometry": {"type": "Polygon", "coordinates": [[[16.83924015890973, 48.252684436222324], [16.839267865719044, 48.252684609897045], [16.839267764117384, 48.252691796068014], [16.83924005730807, 48.25269162239329], [16.83924015890973, 48.252684436222324]]]}, "properties": {"timestamp": 132.34, "confidence": 0.908, "label": "person"}}, {"type": "Feature", "geometry": {"type": "Polygon", "coordinates": [[[16.839391166833703, 48.252672662688745], [16.839423475345747, 48.25267219271447], [16.839423711080418, 48.25267937748952], [16.839391402568374, 48.252679847463796], [16.839391166833703, 48.252672662688745]]]}, "properties": {"timestamp": 132.43, "confidence": 0.816, "label": "person"}}, {"type": "Feature", "geometry": {"type": "Polygon", "coordinates": [[[16.839372659572227, 48.25268601119671], [16.839404401356997, 48.25268625004355], [16.839404279393356, 48.2526934360741], [16.839372537608586, 48.25269319722725], [16.839372659572227, 48.25268601119671]]]}, "properties": {"timestamp": 132.91, "confidence": 0.808, "label": "person"}}, {"type": "Feature", "geometry": {"type": "Polygon", "coordinates": [[[16.83920647265258, 48.25267817887149], [16.83923315662468, 48.252677967755616], [16.8392332848606, 48.25268515373775], [16.839206600888502, 48.252685364853626], [16.83920647265258, 48.25267817887149]]]}, "properties": {"timestamp": 133.0, "confidence": 0.894, "label": "person"}}, {"type": "Feature", "geometry": {"type": "Polygon", "coordinates": [[[16.839344658110186, 48.252680406971486], [16.83937555022766, 48.25268034428921], [16.839375583117747, 48.25268753074524], [16.83934469100027, 48.25268759342752], [16.839344658110186, 48.252680406971486]]]}, "properties": {"timestamp": 133.45, "confidence": 0.827, "label": "person"}}, {"type": "Feature", "geometry": {"type": "Polygon", "coordinates": [[[16.83918750115227, 48.25267246241842], [16.839213604149506, 48.25267188013895], [16.839213965532295, 48.252679062598794], [16.83918786253506, 48.25267964487826], [16.83918750115227, 48.25267246241842]]]}, "properties": {"timestamp": 133.6, "confidence": 0.876, "label": "person"}}, {"type": "Feature", "geometry": {"type": "Polygon", "coordinates": [[[16.839307093424576, 48.25267681969757], [16.83933684197368, 48.252676552554064], [16.8393369875227, 48.25268373838997], [16.839307238973596, 48.25268400553348], [16.839307093424576, 48.25267681969757]]]}, "properties": {"timestamp": 134.07, "confidence": 0.928, "label": "person"}}, {"type": "Feature", "geometry": {"type": "Polygon", "coordinates": [[[16.83915582637249, 48.25266109717299], [16.839180934718065, 48.252659731053626], [16.839181813731226, 48.25266689366971], [16.839156705385655, 48.252668259789075], [16.83915582637249, 48.25266109717299]]]}, "properties": {"timestamp": 134.23, "confidence": 0.828, "label": "person"}}, {"type": "Feature", "geometry": {"type": "Polygon", "coordinates": [[[16.839266764802595, 48.25267187714654], [16.839295282903127, 48.252671310282345], [16.839295604961755, 48.25267849357162], [16.839267086861224, 48.25267906043582], [16.839266764802595, 48.25267187714654]]]}, "properties": {"timestamp": 134.63, "confidence": 0.902, "label": "person"}}, {"type": "Feature", "geometry": {"type": "Polygon", "coordinates": [[[16.839137989126804, 48.2526652730215], [16.839162565700732, 48.25266415569552], [16.839163300922774, 48.25267132549163], [16.839138724348846, 48.25267244281761], [16.839137989126804, 48.2526652730215]]]}, "properties": {"timestamp": 134.7, "confidence": 0.812, "label": "person"}}, {"type": "Feature", "geometry": {"type": "Polygon", "coordinates": [[[16.83927931804659, 48.25266907182151], [16.839308216199413, 48.25266834951226], [16.839308621070955, 48.25267553094356], [16.839279722918132, 48.25267625325281], [16.83927931804659, 48.25266907182151]]]}, "properties": {"timestamp": 135.14, "confidence": 0.777, "label": "person"}}, {"type": "Feature", "geometry": {"type": "Polygon", "coordinates": [[[16.839124514488024, 48.25266472029857], [16.839148676608488, 48.252663540155304], [16.839149466203367, 48.252670707387594], [16.839125304082902, 48.252671887530866], [16.839124514488024, 48.25266472029857]]]}, "properties": {"timestamp": 135.37, "confidence": 0.815, "label": "person"}}, {"type": "Feature", "geometry": {"type": "Polygon", "coordinates": [[[16.839242404307853, 48.25266945140701], [16.83927017754765, 48.25266872460474], [16.839270601409684, 48.25267590555022], [16.839242828169887, 48.25267663235249], [16.839242404307853, 48.25266945140701]]]}, "properties": {"timestamp": 135.72, "confidence": 0.815, "label": "person"}}, {"type": "Feature", "geometry": {"type": "Polygon", "coordinates": [[[16.839096613735983, 48.25265719966521], [16.839119879255797, 48.2526554113996], [16.839121116953738, 48.25266255047962], [16.839097851433923, 48.25266433874523], [16.839096613735983, 48.25265719966521]]]}, "properties": {"timestamp": 136.08, "confidence": 0.857, "label": "person"}}, {"type": "Feature", "geometry": {"type": "Polygon", "coordinates": [[[16.8392222942483, 48.25266389860783], [16.83924944440844, 48.25266281509769], [16.839250090139778, 48.252669988713706], [16.83922293997964, 48.25267107222384], [16.8392222942483, 48.25266389860783]]]}, "properties": {"timestamp": 136.22, "confidence": 0.791, "label": "person"}}, {"type": "Feature", "geometry": {"type": "Polygon", "coordinates": [[[16.83918003542873, 48.25265702379536], [16.839205870622347, 48.252655440295364], [16.83920685995885, 48.25266259652933], [16.83918102476523, 48.25266418002933], [16.83918003542873, 48.25265702379536]]]}, "properties": {"timestamp": 136.69, "confidence": 0.822, "label": "person"}}, {"type": "Feature", "geometry": {"type": "Polygon", "coordinates": [[[16.839047736902454, 48.252653519032904], [16.83906944493086, 48.25265124888604], [16.83907111953475, 48.252658348346856], [16.839049411506345, 48.25266061849372], [16.839047736902454, 48.252653519032904]]]}, "properties": {"timestamp": 136.8, "confidence": 0.856, "label": "person"}}, {"type": "Feature", "geometry": {"type": "Polygon", "coordinates": [[[16.839166393563673, 48.2526608929453], [16.83919182509982, 48.252659533619806], [16.839192688726417, 48.252666697065685], [16.839167257190265, 48.25266805639117], [16.839166393563673, 48.2526608929453]]]}, "properties": {"timestamp": 137.29, "confidence": 0.76, "label": "person"}}, {"type": "Feature", "geometry": {"type": "Polygon", "coordinates": [[[16.83903546222606, 48.252647559259316], [16.839056704238896, 48.2526447375591], [16.83905881583199, 48.25265178516927], [16.839037573819155, 48.252654606869484], [16.83903546222606, 48.252647559259316]]]}, "properties": {"timestamp": 137.5, "confidence": 0.878, "label": "person"}}, {"type": "Feature", "geometry": {"type": "Polygon", "coordinates": [[[16.83913984834079, 48.252648181214596], [16.839164394074235, 48.252645906700444], [16.839165881780307, 48.25265302459175], [16.83914133604686, 48.252655299105896], [16.83913984834079, 48.252648181214596]]]}, "properties": {"timestamp": 137.78, "confidence": 0.856, "label": "person"}}, {"type": "Feature", "geometry": {"type": "Polygon", "coordinates": [[[16.839009825773154, 48.25264522351788], [16.839030188674926, 48.25264201225182], [16.839032676128678, 48.25264900527932], [16.839012313226903, 48.252652216545385], [16.839009825773154, 48.25264522351788]]]}, "properties": {"timestamp": 138.06, "confidence": 0.818, "label": "person"}}, {"type": "Feature", "geometry": {"type": "Polygon", "coordinates": [[[16.839107452071648, 48.252654364374195], [16.839131034417488, 48.252652407803744], [16.83913236896127, 48.25265953914444], [16.83910878661543, 48.25266149571489], [16.839107452071648, 48.252654364374195]]]}, "properties": {"timestamp": 138.52, "confidence": 0.95, "label": "person"}}, {"type": "Feature", "geometry": {"type": "Polygon", "coordinates": [[[16.838985781191965, 48.252645429869645], [16.839005334398326, 48.252642007603185], [16.839008078231426, 48.25264895798556], [16.838988525025066, 48.25265238025202], [16.838985781191965, 48.252645429869645]]]}, "properties": {"timestamp": 138.67, "confidence": 0.907, "label": "person"}}, {"type": "Feature", "geometry": {"type": "Polygon", "coordinates": [[[16.83907268824152, 48.252657488141196], [16.839095213629292, 48.25265563765966], [16.839096535234884, 48.252662770068525], [16.839074009847106, 48.25266462055006], [16.83907268824152, 48.252657488141196]]]}, "properties": {"timestamp": 139.11, "confidence": 0.887, "label": "person"}}, {"type": "Feature", "geometry": {"type": "Polygon", "coordinates": [[[16.83896281409049, 48.252635981365444], [16.838981271495634, 48.25263140246343], [16.838985039697597, 48.25263813673012], [16.838966582292453, 48.252642715632135], [16.83896281409049, 48.252635981365444]]]}, "properties": {"timestamp": 139.36, "confidence": 0.855, "label": "person"}}, {"type": "Feature", "geometry": {"type": "Polygon", "coordinates": [[[16.839059258776196, 48.25264467625524], [16.839081229153457, 48.25264177960083], [16.839083325571718, 48.252648829219225], [16.839061355194453, 48.25265172587363], [16.839059258776196, 48.25264467625524]]]}, "properties": {"timestamp": 139.68, "confidence": 0.869, "label": "person"}}, {"type": "Feature", "geometry": {"type": "Polygon", "coordinates": [[[16.83892892237416, 48.252639179772125], [16.838946127558316, 48.25263431727582], [16.838950344522015, 48.25264093253324], [16.83893313933786, 48.252645795029544], [16.83892892237416, 48.252639179772125]]]}, "properties": {"timestamp": 140.04, "confidence": 0.897, "label": "person"}}, {"type": "Feature", "geometry": {"type": "Polygon", "coordinates": [[[16.839017936300298, 48.25264463483131], [16.83903855842784, 48.252641442232935], [16.839041002691946, 48.25264844200914], [16.839020380564403, 48.25265163460752], [16.839017936300298, 48.25264463483131]]]}, "properties": {"timestamp": 140.36, "confidence": 0.901, "label": "person"}}, {"type": "Feature", "geometry": {"type": "Polygon", "coordinates": [[[16.83890016032253, 48.252629975276584], [16.838915458681246, 48.25262348863265], [16.838921256009638, 48.25262955040367], [16.83890595765092, 48.25263603704761], [16.83890016032253, 48.252629975276584]]]}, "properties": {"timestamp": 140.77, "confidence": 0.819, "label": "person"}}, {"type": "Feature", "geometry": {"type": "Polygon", "coordinates": [[[16.83898964353725, 48.252639440046835], [16.839009189823482, 48.252635526775464], [16.839012297610413, 48.2526424088975], [16.83899275132418, 48.25264632216887], [16.83898964353725, 48.252639440046835]]]}, "properties": {"timestamp": 141.07, "confidence": 0.871, "label": "person"}}, {"type": "Feature", "geometry": {"type": "Polygon", "coordinates": [[[16.838886458882335, 48.252629435370736], [16.838900889395177, 48.252622479190244], [16.838907218602774, 48.25262830031771], [16.838892788089932, 48.2526352564982], [16.838886458882335, 48.252629435370736]]]}, "properties": {"timestamp": 141.23, "confidence": 0.863, "label": "person"}}, {"type": "Feature", "geometry": {"type": "Polygon", "coordinates": [[[16.83888830017647, 48.25262877322642], [16.83890280252577, 48.25262181177451], [16.838909114256793, 48.2526276413088], [16.838894611907495, 48.252634602760715], [16.83888830017647, 48.25262877322642]]]}, "properties": {"timestamp": 141.23, "confidence": 0.869, "label": "person"}}, {"type": "Feature", "geometry": {"type": "Polygon", "coordinates": [[[16.838964504761414, 48.252637658869276], [16.838983081308022, 48.25263325954611], [16.838986698112098, 48.252640030516964], [16.838968121565493, 48.25264442984013], [16.838964504761414, 48.252637658869276]]]}, "properties": {"timestamp": 141.67, "confidence": 0.879, "label": "person"}}, {"type": "Feature", "geometry": {"type": "Polygon", "coordinates": [[[16.838876941064147, 48.252628737009445], [16.838890672116136, 48.25262139302569], [16.838897431165677, 48.2526269958187], [16.83888370011369, 48.252634339802455], [16.838876941064147, 48.252628737009445]]]}, "properties": {"timestamp": 141.69, "confidence": 0.905, "label": "person"}}, {"type": "Feature", "geometry": {"type": "Polygon", "coordinates": [[[16.838870214953197, 48.252625806808645], [16.838883210803132, 48.25261795001749], [16.83889046603488, 48.25262327058076], [16.838877470184944, 48.25263112737193], [16.838870214953197, 48.252625806808645]]]}, "properties": {"timestamp": 141.69, "confidence": 0.827, "label": "person"}}, {"type": "Feature", "geometry": {"type": "Polygon", "coordinates": [[[16.838934491773813, 48.25263047954202], [16.838951553044545, 48.252624881576565], [16.838956323765817, 48.25263132789937], [16.838939262495085, 48.25263692586483], [16.838934491773813, 48.25263047954202]]]}, "properties": {"timestamp": 142.2, "confidence": 0.916, "label": "person"}}, {"type": "Feature", "geometry": {"type": "Polygon", "coordinates": [[[16.83884403257334, 48.25262207035457], [16.838854302147094, 48.252612905007894], [16.8388629528808, 48.252617202383455], [16.838852683307046, 48.25262636773013], [16.83884403257334, 48.25262207035457]]]}, "properties": {"timestamp": 142.29, "confidence": 0.853, "label": "person"}}, {"type": "Feature", "geometry": {"type": "Polygon", "coordinates": [[[16.838851438352297, 48.25261963476865], [16.83886226518689, 48.252610569649626], [16.83887071268201, 48.25261504268967], [16.83885988584742, 48.25262410780869], [16.838851438352297, 48.25261963476865]]]}, "properties": {"timestamp": 142.29, "confidence": 0.89, "label": "person"}}, {"type": "Feature", "geometry": {"type": "Polygon", "coordinates": [[[16.83890462724705, 48.25263886799646], [16.83892069907025, 48.25263341613011], [16.838925598472457, 48.252639819519075], [16.838909526649257, 48.25264527138543], [16.83890462724705, 48.25263886799646]]]}, "properties": {"timestamp": 142.87, "confidence": 0.887, "label": "person"}}, {"type": "Feature", "geometry": {"type": "Polygon", "coordinates": [[[16.838825253486725, 48.252617716489524], [16.83883295655254, 48.252607573682134], [16.838842588135574, 48.25261081670453], [16.83883488506976, 48.252620959511916], [16.838825253486725, 48.252617716489524]]]}, "properties": {"timestamp": 142.89, "confidence": 0.871, "label": "person"}}, {"type": "Feature", "geometry": {"type": "Polygon", "coordinates": [[[16.838877363232964, 48.2526302602905], [16.838891241541894, 48.25262307879809], [16.838897864486007, 48.2526287531959], [16.83888398617708, 48.25263593468832], [16.838877363232964, 48.2526302602905]]]}, "properties": {"timestamp": 143.36, "confidence": 0.846, "label": "person"}}, {"type": "Feature", "geometry": {"type": "Polygon", "coordinates": [[[16.838879143760224, 48.25262923697355], [16.838893068581665, 48.25262201754282], [16.838899699465216, 48.25262768782833], [16.83888577464377, 48.25263490725906], [16.838879143760224, 48.25262923697355]]]}, "properties": {"timestamp": 143.36, "confidence": 0.895, "label": "person"}}, {"type": "Feature", "geometry": {"type": "Polygon", "coordinates": [[[16.83881869625505, 48.25261994062424], [16.838825691620784, 48.252609698189204], [16.83883551644519, 48.25261267313357], [16.838828521079456, 48.25262291556861], [16.83881869625505, 48.25261994062424]]]}, "properties": {"timestamp": 143.38, "confidence": 0.805, "label": "person"}}, {"type": "Feature", "geometry": {"type": "Polygon", "coordinates": [[[16.83881699226427, 48.252615506493996], [16.838823448646735, 48.252604984433724], [16.8388334399404, 48.252607702481164], [16.838826983557937, 48.252618224541436], [16.83881699226427, 48.252615506493996]]]}, "properties": {"timestamp": 143.87, "confidence": 0.842, "label": "person"}}, {"type": "Feature", "geometry": {"type": "Polygon", "coordinates": [[[16.838852597174256, 48.25262818796081], [16.838864274336462, 48.252619862728416], [16.838872162289167, 48.25262476787613], [16.838860485126965, 48.25263309310852], [16.838852597174256, 48.25262818796081]]]}, "properties": {"timestamp": 143.94, "confidence": 0.863, "label": "person"}}, {"type": "Feature", "geometry": {"type": "Polygon", "coordinates": [[[16.838825132743178, 48.25261411503237], [16.83883256278421, 48.25260377162479], [16.83884229939467, 48.25260687248519], [16.838834869353636, 48.25261721589276], [16.838825132743178, 48.25261411503237]]]}, "properties": {"timestamp": 144.37, "confidence": 0.839, "label": "person"}}, {"type": "Feature", "geometry": {"type": "Polygon", "coordinates": [[[16.83882611591934, 48.25262703959115], [16.83883470132452, 48.25261750417299], [16.838843958282578, 48.25262119935806], [16.838835372877398, 48.25263073477621], [16.83882611591934, 48.25262703959115]]]}, "properties": {"timestamp": 144.57, "confidence": 0.874, "label": "person"}}]}